{
  "timestamp": "2026-03-12T21:57:09.137255+00:00",
  "SPY": {
    "signal": "WARNING",
    "color": "orange",
    "close": 666.0599975585938,
    "ema8": 676.4117792166861,
    "ema21": 681.5099507173013,
    "sma50": 686.876796875,
    "sma200": 656.0283779907227,
    "sma20": 682.3809997558594,
    "power_trend": {
      "3d_gt_20sma": false,
      "3d_gt_50sma": false,
      "3d_gt_200sma": true,
      "20sma_gt_50sma": false,
      "50sma_gt_200sma": true
    },
    "trend_status": {
      "9ema_dist": -1.65,
      "21ema_dist": -2.32,
      "50sma_dist": -3.13,
      "200sma_dist": 1.51,
      "52w_high_dist": -4.23
    }
  },
  "QQQ": {
    "signal": "WARNING",
    "color": "orange",
    "close": 597.260009765625,
    "ema8": 604.8108738616013,
    "ema21": 607.3037639826855,
    "sma50": 613.8461987304687,
    "sma200": 589.7830941772461,
    "sma20": 605.6989959716797,
    "power_trend": {
      "3d_gt_20sma": false,
      "3d_gt_50sma": false,
      "3d_gt_200sma": true,
      "20sma_gt_50sma": false,
      "50sma_gt_200sma": true
    },
    "trend_status": {
      "9ema_dist": -1.3,
      "21ema_dist": -1.68,
      "50sma_dist": -2.78,
      "200sma_dist": 1.25,
      "52w_high_dist": -5.94
    }
  },
  "IWM": {
    "signal": "WARNING",
    "color": "orange",
    "close": 247.41000366210938,
    "ema8": 253.9882693746433,
    "ema21": 258.03080247091935,
    "sma50": 260.4325991821289,
    "sma200": 239.1780514526367,
    "sma20": 259.71199798583984,
    "power_trend": {
      "3d_gt_20sma": false,
      "3d_gt_50sma": false,
      "3d_gt_200sma": true,
      "20sma_gt_50sma": false,
      "50sma_gt_200sma": true
    },
    "trend_status": {
      "9ema_dist": -2.88,
      "21ema_dist": -4.29,
      "50sma_dist": -5.26,
      "200sma_dist": 3.33,
      "52w_high_dist": -8.3
    }
  },
  "RSP": {
    "signal": "WARNING",
    "color": "orange",
    "close": 193.52999877929688,
    "ema8": 198.08951920988162,
    "ema21": 200.06370639975992,
    "sma50": 199.51000061035157,
    "sma200": 188.8101026916504,
    "sma20": 201.49250030517578,
    "power_trend": {
      "3d_gt_20sma": false,
      "3d_gt_50sma": false,
      "3d_gt_200sma": true,
      "20sma_gt_50sma": true,
      "50sma_gt_200sma": true
    },
    "trend_status": {
      "9ema_dist": -2.53,
      "21ema_dist": -3.38,
      "50sma_dist": -3.09,
      "200sma_dist": 2.44,
      "52w_high_dist": -5.58
    }
  }
}