{
  "timestamp": "2026-03-25T22:04:19.341828+00:00",
  "SPY": {
    "signal": "RISK_OFF",
    "color": "red",
    "close": 656.8200073242188,
    "ema8": 658.361268810936,
    "ema21": 667.0264650914883,
    "sma50": 679.9095300292969,
    "sma200": 657.5089675903321,
    "sma20": 669.3264984130859,
    "power_trend": {
      "3d_gt_20sma": false,
      "3d_gt_50sma": false,
      "3d_gt_200sma": false,
      "20sma_gt_50sma": false,
      "50sma_gt_200sma": true
    },
    "trend_status": {
      "9ema_dist": -0.36,
      "21ema_dist": -1.55,
      "50sma_dist": -3.52,
      "200sma_dist": -0.1,
      "52w_high_dist": -5.3
    }
  },
  "QQQ": {
    "signal": "RISK_OFF",
    "color": "red",
    "close": 587.8200073242188,
    "ema8": 590.6368934214594,
    "ema21": 597.7393302045512,
    "sma50": 608.6583996582032,
    "sma200": 592.9371905517578,
    "sma20": 599.6640014648438,
    "power_trend": {
      "3d_gt_20sma": false,
      "3d_gt_50sma": false,
      "3d_gt_200sma": false,
      "20sma_gt_50sma": false,
      "50sma_gt_200sma": true
    },
    "trend_status": {
      "9ema_dist": -0.61,
      "21ema_dist": -1.69,
      "50sma_dist": -3.55,
      "200sma_dist": -0.87,
      "52w_high_dist": -7.42
    }
  },
  "IWM": {
    "signal": "WARNING",
    "color": "orange",
    "close": 251.82000732421875,
    "ema8": 248.79100936621342,
    "ema21": 251.94974774283656,
    "sma50": 258.87818725585936,
    "sma200": 240.6558782196045,
    "sma20": 252.53400573730468,
    "power_trend": {
      "3d_gt_20sma": false,
      "3d_gt_50sma": false,
      "3d_gt_200sma": true,
      "20sma_gt_50sma": false,
      "50sma_gt_200sma": true
    },
    "trend_status": {
      "9ema_dist": 1.14,
      "21ema_dist": -0.05,
      "50sma_dist": -2.8,
      "200sma_dist": 4.43,
      "52w_high_dist": -6.49
    }
  },
  "RSP": {
    "signal": "WARNING",
    "color": "orange",
    "close": 192.85000610351562,
    "ema8": 193.16680225959536,
    "ema21": 195.9386698454975,
    "sma50": 199.15700103759767,
    "sma200": 189.62614128112793,
    "sma20": 197.11200103759765,
    "power_trend": {
      "3d_gt_20sma": false,
      "3d_gt_50sma": false,
      "3d_gt_200sma": true,
      "20sma_gt_50sma": false,
      "50sma_gt_200sma": true
    },
    "trend_status": {
      "9ema_dist": -0.29,
      "21ema_dist": -1.6,
      "50sma_dist": -3.27,
      "200sma_dist": 1.67,
      "52w_high_dist": -5.91
    }
  },
  "^GSPC": {
    "signal": "RISK_OFF",
    "color": "red",
    "close": 6591.89990234375,
    "ema8": 6609.405302392186,
    "ema21": 6699.670836171435,
    "sma50": 6835.048984375,
    "sma200": 6630.827788085938,
    "sma20": 6723.335498046875,
    "power_trend": {
      "3d_gt_20sma": false,
      "3d_gt_50sma": false,
      "3d_gt_200sma": false,
      "20sma_gt_50sma": false,
      "50sma_gt_200sma": true
    },
    "trend_status": {
      "9ema_dist": -0.39,
      "21ema_dist": -1.63,
      "50sma_dist": -3.69,
      "200sma_dist": -0.59,
      "52w_high_dist": -5.54
    }
  }
}