{
  "timestamp": "2026-04-01T22:06:36.947218+00:00",
  "SPY": {
    "signal": "RISK_OFF",
    "color": "red",
    "close": 655.239990234375,
    "ema8": 649.1164807711365,
    "ema21": 658.3303933182027,
    "sma50": 675.519619140625,
    "sma200": 658.7385467529297,
    "sma20": 659.2732025146485,
    "power_trend": {
      "3d_gt_20sma": false,
      "3d_gt_50sma": false,
      "3d_gt_200sma": false,
      "20sma_gt_50sma": false,
      "50sma_gt_200sma": true
    },
    "trend_status": {
      "9ema_dist": 0.84,
      "21ema_dist": -0.47,
      "50sma_dist": -3.09,
      "200sma_dist": -0.53,
      "52w_high_dist": -5.53
    }
  },
  "QQQ": {
    "signal": "RISK_OFF",
    "color": "red",
    "close": 584.3099975585938,
    "ema8": 578.1513216835734,
    "ema21": 587.6129017988059,
    "sma50": 603.1992236328125,
    "sma200": 593.2565896606445,
    "sma20": 590.1703582763672,
    "power_trend": {
      "3d_gt_20sma": false,
      "3d_gt_50sma": false,
      "3d_gt_200sma": false,
      "20sma_gt_50sma": false,
      "50sma_gt_200sma": true
    },
    "trend_status": {
      "9ema_dist": 0.92,
      "21ema_dist": -0.57,
      "50sma_dist": -3.23,
      "200sma_dist": -1.53,
      "52w_high_dist": -7.86
    }
  },
  "IWM": {
    "signal": "WARNING",
    "color": "orange",
    "close": 249.55999755859375,
    "ema8": 246.88606575273974,
    "ema21": 249.5944998640773,
    "sma50": 257.1114077758789,
    "sma200": 241.5352532196045,
    "sma20": 248.42551040649414,
    "power_trend": {
      "3d_gt_20sma": false,
      "3d_gt_50sma": false,
      "3d_gt_200sma": false,
      "20sma_gt_50sma": false,
      "50sma_gt_200sma": true
    },
    "trend_status": {
      "9ema_dist": 1.03,
      "21ema_dist": -0.01,
      "50sma_dist": -3.03,
      "200sma_dist": 3.22,
      "52w_high_dist": -7.33
    }
  },
  "RSP": {
    "signal": "WARNING",
    "color": "orange",
    "close": 192.5399932861328,
    "ema8": 191.35415108459867,
    "ema21": 193.50177815414602,
    "sma50": 197.66006225585937,
    "sma200": 189.192779006958,
    "sma20": 193.25234985351562,
    "power_trend": {
      "3d_gt_20sma": false,
      "3d_gt_50sma": false,
      "3d_gt_200sma": false,
      "20sma_gt_50sma": false,
      "50sma_gt_200sma": true
    },
    "trend_status": {
      "9ema_dist": 0.55,
      "21ema_dist": -0.5,
      "50sma_dist": -2.66,
      "200sma_dist": 1.74,
      "52w_high_dist": -5.66
    }
  },
  "^GSPC": {
    "signal": "RISK_OFF",
    "color": "red",
    "close": 6575.31982421875,
    "ema8": 6516.228075136104,
    "ema21": 6611.066741975342,
    "sma50": 6789.486787109375,
    "sma200": 6641.849838867188,
    "sma20": 6620.239526367188,
    "power_trend": {
      "3d_gt_20sma": false,
      "3d_gt_50sma": false,
      "3d_gt_200sma": false,
      "20sma_gt_50sma": false,
      "50sma_gt_200sma": true
    },
    "trend_status": {
      "9ema_dist": 0.8,
      "21ema_dist": -0.54,
      "50sma_dist": -3.26,
      "200sma_dist": -1.01,
      "52w_high_dist": -5.78
    }
  }
}