{
  "timestamp": "2026-03-31T22:04:49.286501+00:00",
  "SPY": {
    "signal": "RISK_OFF",
    "color": "red",
    "close": 650.3400268554688,
    "ema8": 647.3669066387826,
    "ema21": 658.6394336261764,
    "sma50": 675.9295104980469,
    "sma200": 658.413515625,
    "sma20": 660.6744018554688,
    "power_trend": {
      "3d_gt_20sma": false,
      "3d_gt_50sma": false,
      "3d_gt_200sma": false,
      "20sma_gt_50sma": false,
      "50sma_gt_200sma": true
    },
    "trend_status": {
      "9ema_dist": 0.3,
      "21ema_dist": -1.28,
      "50sma_dist": -3.93,
      "200sma_dist": -1.24,
      "52w_high_dist": -6.24
    }
  },
  "QQQ": {
    "signal": "RISK_OFF",
    "color": "red",
    "close": 577.1799926757812,
    "ema8": 576.3917000049961,
    "ema21": 587.943192222324,
    "sma50": 603.6589086914063,
    "sma200": 592.9571450805664,
    "sma20": 591.4539031982422,
    "power_trend": {
      "3d_gt_20sma": false,
      "3d_gt_50sma": false,
      "3d_gt_200sma": false,
      "20sma_gt_50sma": false,
      "50sma_gt_200sma": true
    },
    "trend_status": {
      "9ema_dist": -0.07,
      "21ema_dist": -1.86,
      "50sma_dist": -4.59,
      "200sma_dist": -2.73,
      "52w_high_dist": -8.98
    }
  },
  "IWM": {
    "signal": "WARNING",
    "color": "orange",
    "close": 248.0,
    "ema8": 246.12208523678146,
    "ema21": 249.59795009441294,
    "sma50": 257.36248260498047,
    "sma200": 241.3207677459717,
    "sma20": 249.01227035522462,
    "power_trend": {
      "3d_gt_20sma": false,
      "3d_gt_50sma": false,
      "3d_gt_200sma": false,
      "20sma_gt_50sma": false,
      "50sma_gt_200sma": true
    },
    "trend_status": {
      "9ema_dist": 0.66,
      "21ema_dist": -0.64,
      "50sma_dist": -3.78,
      "200sma_dist": 2.69,
      "52w_high_dist": -7.91
    }
  },
  "RSP": {
    "signal": "WARNING",
    "color": "orange",
    "close": 191.9199981689453,
    "ema8": 191.0153390270173,
    "ema21": 193.59795663684926,
    "sma50": 197.71414489746093,
    "sma200": 189.10218154907227,
    "sma20": 193.7266052246094,
    "power_trend": {
      "3d_gt_20sma": false,
      "3d_gt_50sma": false,
      "3d_gt_200sma": false,
      "20sma_gt_50sma": false,
      "50sma_gt_200sma": true
    },
    "trend_status": {
      "9ema_dist": 0.37,
      "21ema_dist": -0.87,
      "50sma_dist": -3.02,
      "200sma_dist": 1.47,
      "52w_high_dist": -5.97
    }
  },
  "^GSPC": {
    "signal": "RISK_OFF",
    "color": "red",
    "close": 6528.52001953125,
    "ema8": 6499.344718255347,
    "ema21": 6614.641433747159,
    "sma50": 6793.917587890625,
    "sma200": 6638.858090820312,
    "sma20": 6634.94853515625,
    "power_trend": {
      "3d_gt_20sma": false,
      "3d_gt_50sma": false,
      "3d_gt_200sma": false,
      "20sma_gt_50sma": false,
      "50sma_gt_200sma": true
    },
    "trend_status": {
      "9ema_dist": 0.29,
      "21ema_dist": -1.32,
      "50sma_dist": -4.07,
      "200sma_dist": -1.69,
      "52w_high_dist": -6.45
    }
  }
}