{
  "timestamp": "2026-04-08T22:09:19.061387+00:00",
  "SPY": {
    "signal": "WARNING",
    "color": "orange",
    "close": 676.010009765625,
    "ema8": 658.8602890734334,
    "ema21": 659.8854196940462,
    "sma50": 673.5427624511718,
    "sma200": 660.1557092285157,
    "sma20": 656.6846282958984,
    "power_trend": {
      "3d_gt_20sma": true,
      "3d_gt_50sma": false,
      "3d_gt_200sma": false,
      "20sma_gt_50sma": false,
      "50sma_gt_200sma": true
    },
    "trend_status": {
      "9ema_dist": 2.62,
      "21ema_dist": 2.39,
      "50sma_dist": 0.36,
      "200sma_dist": 2.35,
      "52w_high_dist": -2.54
    }
  },
  "QQQ": {
    "signal": "WARNING",
    "color": "orange",
    "close": 606.0900268554688,
    "ema8": 588.2693094914188,
    "ema21": 589.2602115112203,
    "sma50": 600.9206176757813,
    "sma200": 594.5524792480469,
    "sma20": 587.5215057373047,
    "power_trend": {
      "3d_gt_20sma": true,
      "3d_gt_50sma": false,
      "3d_gt_200sma": false,
      "20sma_gt_50sma": false,
      "50sma_gt_200sma": true
    },
    "trend_status": {
      "9ema_dist": 3.02,
      "21ema_dist": 2.78,
      "50sma_dist": 0.85,
      "200sma_dist": 1.9,
      "52w_high_dist": -4.43
    }
  },
  "IWM": {
    "signal": "CAUTION",
    "color": "yellow",
    "close": 260.4700012207031,
    "ema8": 252.1422200484016,
    "ema21": 251.18077103148525,
    "sma50": 256.1624783325195,
    "sma200": 242.46272018432617,
    "sma20": 248.63559341430664,
    "power_trend": {
      "3d_gt_20sma": true,
      "3d_gt_50sma": false,
      "3d_gt_200sma": true,
      "20sma_gt_50sma": false,
      "50sma_gt_200sma": true
    },
    "trend_status": {
      "9ema_dist": 3.34,
      "21ema_dist": 3.57,
      "50sma_dist": 1.65,
      "200sma_dist": 6.91,
      "52w_high_dist": -3.28
    }
  },
  "RSP": {
    "signal": "WARNING",
    "color": "orange",
    "close": 197.9600067138672,
    "ema8": 193.7177028875157,
    "ema21": 193.90939494712052,
    "sma50": 197.3558190917969,
    "sma200": 189.5867869567871,
    "sma20": 192.613720703125,
    "power_trend": {
      "3d_gt_20sma": true,
      "3d_gt_50sma": false,
      "3d_gt_200sma": true,
      "20sma_gt_50sma": false,
      "50sma_gt_200sma": true
    },
    "trend_status": {
      "9ema_dist": 2.22,
      "21ema_dist": 2.05,
      "50sma_dist": 0.31,
      "200sma_dist": 4.23,
      "52w_high_dist": -3.01
    }
  },
  "^GSPC": {
    "signal": "WARNING",
    "color": "orange",
    "close": 6782.81005859375,
    "ema8": 6612.660892132999,
    "ema21": 6625.276910976628,
    "sma50": 6768.274189453125,
    "sma200": 6654.998039550781,
    "sma20": 6592.538525390625,
    "power_trend": {
      "3d_gt_20sma": true,
      "3d_gt_50sma": false,
      "3d_gt_200sma": false,
      "20sma_gt_50sma": false,
      "50sma_gt_200sma": true
    },
    "trend_status": {
      "9ema_dist": 2.59,
      "21ema_dist": 2.32,
      "50sma_dist": 0.21,
      "200sma_dist": 1.88,
      "52w_high_dist": -2.81
    }
  }
}