{
  "timestamp": "2026-03-09T21:56:58.834664+00:00",
  "SPY": {
    "signal": "WARNING",
    "color": "orange",
    "close": 678.27001953125,
    "ema8": 681.1115043991981,
    "ema21": 684.382183551045,
    "sma50": 687.8561962890625,
    "sma200": 654.5804971313477,
    "sma20": 685.3040008544922,
    "power_trend": {
      "3d_gt_20sma": false,
      "3d_gt_50sma": false,
      "3d_gt_200sma": true,
      "20sma_gt_50sma": false,
      "50sma_gt_200sma": true
    },
    "trend_status": {
      "9ema_dist": -0.48,
      "21ema_dist": -0.9,
      "50sma_dist": -1.41,
      "200sma_dist": 3.49,
      "52w_high_dist": -2.48
    }
  },
  "QQQ": {
    "signal": "WARNING",
    "color": "orange",
    "close": 607.760009765625,
    "ema8": 606.4740619282692,
    "ema21": 608.4299464558469,
    "sma50": 614.9655981445312,
    "sma200": 588.3735305786133,
    "sma20": 607.0079925537109,
    "power_trend": {
      "3d_gt_20sma": false,
      "3d_gt_50sma": false,
      "3d_gt_200sma": true,
      "20sma_gt_50sma": false,
      "50sma_gt_200sma": true
    },
    "trend_status": {
      "9ema_dist": 0.19,
      "21ema_dist": -0.11,
      "50sma_dist": -1.19,
      "200sma_dist": 3.19,
      "52w_high_dist": -4.28
    }
  },
  "IWM": {
    "signal": "WARNING",
    "color": "orange",
    "close": 253.6199951171875,
    "ema8": 257.69284825654745,
    "ema21": 260.3528869125498,
    "sma50": 260.4403991699219,
    "sma200": 238.42769752502443,
    "sma20": 261.93049850463865,
    "power_trend": {
      "3d_gt_20sma": false,
      "3d_gt_50sma": false,
      "3d_gt_200sma": true,
      "20sma_gt_50sma": true,
      "50sma_gt_200sma": true
    },
    "trend_status": {
      "9ema_dist": -1.77,
      "21ema_dist": -2.65,
      "50sma_dist": -2.69,
      "200sma_dist": 5.99,
      "52w_high_dist": -5.99
    }
  },
  "RSP": {
    "signal": "WARNING",
    "color": "orange",
    "close": 198.7100067138672,
    "ema8": 201.04961708244048,
    "ema21": 201.52296243771576,
    "sma50": 199.38660034179688,
    "sma200": 188.4659474182129,
    "sma20": 202.5735008239746,
    "power_trend": {
      "3d_gt_20sma": false,
      "3d_gt_50sma": false,
      "3d_gt_200sma": true,
      "20sma_gt_50sma": true,
      "50sma_gt_200sma": true
    },
    "trend_status": {
      "9ema_dist": -1.26,
      "21ema_dist": -1.42,
      "50sma_dist": -0.34,
      "200sma_dist": 5.16,
      "52w_high_dist": -3.05
    }
  }
}