{
  "timestamp": "2026-04-02T22:03:38.867421+00:00",
  "SPY": {
    "signal": "RISK_OFF",
    "color": "red",
    "close": 655.8300170898438,
    "ema8": 650.6083777308492,
    "ema21": 658.1030863831811,
    "sma50": 674.9655541992188,
    "sma200": 659.038451538086,
    "sma20": 658.0919830322266,
    "power_trend": {
      "3d_gt_20sma": false,
      "3d_gt_50sma": false,
      "3d_gt_200sma": false,
      "20sma_gt_50sma": false,
      "50sma_gt_200sma": true
    },
    "trend_status": {
      "9ema_dist": 0.74,
      "21ema_dist": -0.35,
      "50sma_dist": -2.92,
      "200sma_dist": -0.49,
      "52w_high_dist": -5.44
    }
  },
  "QQQ": {
    "signal": "RISK_OFF",
    "color": "red",
    "close": 584.97998046875,
    "ema8": 579.6688014136128,
    "ema21": 587.3735453146353,
    "sma50": 602.5887451171875,
    "sma200": 593.5229055786133,
    "sma20": 589.0122009277344,
    "power_trend": {
      "3d_gt_20sma": false,
      "3d_gt_50sma": false,
      "3d_gt_200sma": false,
      "20sma_gt_50sma": false,
      "50sma_gt_200sma": true
    },
    "trend_status": {
      "9ema_dist": 0.83,
      "21ema_dist": -0.41,
      "50sma_dist": -3.01,
      "200sma_dist": -1.46,
      "52w_high_dist": -7.75
    }
  },
  "IWM": {
    "signal": "WARNING",
    "color": "orange",
    "close": 251.2899932861328,
    "ema8": 247.86471631571598,
    "ema21": 249.74863562990893,
    "sma50": 256.79091796875,
    "sma200": 241.74620582580567,
    "sma20": 248.1748062133789,
    "power_trend": {
      "3d_gt_20sma": false,
      "3d_gt_50sma": false,
      "3d_gt_200sma": true,
      "20sma_gt_50sma": false,
      "50sma_gt_200sma": true
    },
    "trend_status": {
      "9ema_dist": 1.37,
      "21ema_dist": 0.61,
      "50sma_dist": -2.19,
      "200sma_dist": 3.8,
      "52w_high_dist": -6.69
    }
  },
  "RSP": {
    "signal": "WARNING",
    "color": "orange",
    "close": 193.08999633789062,
    "ema8": 191.73989447421903,
    "ema21": 193.4643434403443,
    "sma50": 197.5508627319336,
    "sma200": 189.2777180480957,
    "sma20": 192.9225944519043,
    "power_trend": {
      "3d_gt_20sma": false,
      "3d_gt_50sma": false,
      "3d_gt_200sma": true,
      "20sma_gt_50sma": false,
      "50sma_gt_200sma": true
    },
    "trend_status": {
      "9ema_dist": 0.67,
      "21ema_dist": -0.19,
      "50sma_dist": -2.31,
      "200sma_dist": 1.97,
      "52w_high_dist": -5.39
    }
  },
  "^GSPC": {
    "signal": "RISK_OFF",
    "color": "red",
    "close": 6582.68994140625,
    "ema8": 6530.997378751692,
    "ema21": 6608.4870328360785,
    "sma50": 6783.62818359375,
    "sma200": 6644.5977392578125,
    "sma20": 6607.838525390625,
    "power_trend": {
      "3d_gt_20sma": false,
      "3d_gt_50sma": false,
      "3d_gt_200sma": false,
      "20sma_gt_50sma": false,
      "50sma_gt_200sma": true
    },
    "trend_status": {
      "9ema_dist": 0.73,
      "21ema_dist": -0.39,
      "50sma_dist": -3.05,
      "200sma_dist": -0.94,
      "52w_high_dist": -5.67
    }
  }
}