{
  "timestamp": "2026-04-06T22:02:12.383498+00:00",
  "SPY": {
    "signal": "RISK_OFF",
    "color": "red",
    "close": 658.9299926757812,
    "ema8": 652.4576254963896,
    "ema21": 658.1782596836391,
    "sma50": 674.4020837402344,
    "sma200": 659.3793106079102,
    "sma20": 657.5110473632812,
    "power_trend": {
      "3d_gt_20sma": false,
      "3d_gt_50sma": false,
      "3d_gt_200sma": false,
      "20sma_gt_50sma": false,
      "50sma_gt_200sma": true
    },
    "trend_status": {
      "9ema_dist": 0.97,
      "21ema_dist": 0.11,
      "50sma_dist": -2.35,
      "200sma_dist": -0.07,
      "52w_high_dist": -5.0
    }
  },
  "QQQ": {
    "signal": "RISK_OFF",
    "color": "red",
    "close": 588.5,
    "ema8": 581.6312899883653,
    "ema21": 587.4759502716854,
    "sma50": 601.9591796875,
    "sma200": 593.8327487182618,
    "sma20": 588.4874664306641,
    "power_trend": {
      "3d_gt_20sma": false,
      "3d_gt_50sma": false,
      "3d_gt_200sma": false,
      "20sma_gt_50sma": false,
      "50sma_gt_200sma": true
    },
    "trend_status": {
      "9ema_dist": 1.14,
      "21ema_dist": 0.17,
      "50sma_dist": -2.29,
      "200sma_dist": -0.91,
      "52w_high_dist": -7.2
    }
  },
  "IWM": {
    "signal": "WARNING",
    "color": "orange",
    "close": 252.36000061035156,
    "ema8": 248.86366838119062,
    "ema21": 249.98603244684125,
    "sma50": 256.4518991088867,
    "sma200": 241.9735206604004,
    "sma20": 248.2705810546875,
    "power_trend": {
      "3d_gt_20sma": true,
      "3d_gt_50sma": false,
      "3d_gt_200sma": true,
      "20sma_gt_50sma": false,
      "50sma_gt_200sma": true
    },
    "trend_status": {
      "9ema_dist": 1.43,
      "21ema_dist": 0.94,
      "50sma_dist": -1.62,
      "200sma_dist": 4.12,
      "52w_high_dist": -6.29
    }
  },
  "RSP": {
    "signal": "WARNING",
    "color": "orange",
    "close": 193.9199981689453,
    "ema8": 192.224361961936,
    "ema21": 193.50576659776354,
    "sma50": 197.45308532714844,
    "sma200": 189.37526557922362,
    "sma20": 192.75332946777343,
    "power_trend": {
      "3d_gt_20sma": false,
      "3d_gt_50sma": false,
      "3d_gt_200sma": true,
      "20sma_gt_50sma": false,
      "50sma_gt_200sma": true
    },
    "trend_status": {
      "9ema_dist": 0.87,
      "21ema_dist": 0.21,
      "50sma_dist": -1.82,
      "200sma_dist": 2.34,
      "52w_high_dist": -4.99
    }
  },
  "^GSPC": {
    "signal": "RISK_OFF",
    "color": "red",
    "close": 6611.830078125,
    "ema8": 6548.96020083465,
    "ema21": 6608.7909460549245,
    "sma50": 6777.597783203125,
    "sma200": 6647.743288574219,
    "sma20": 6601.429028320313,
    "power_trend": {
      "3d_gt_20sma": false,
      "3d_gt_50sma": false,
      "3d_gt_200sma": false,
      "20sma_gt_50sma": false,
      "50sma_gt_200sma": true
    },
    "trend_status": {
      "9ema_dist": 0.93,
      "21ema_dist": 0.05,
      "50sma_dist": -2.51,
      "200sma_dist": -0.54,
      "52w_high_dist": -5.26
    }
  }
}