{
  "timestamp": "2026-04-17T22:08:24.140399+00:00",
  "SPY": {
    "signal": "POWER_3",
    "color": "green",
    "close": 710.1400146484375,
    "ema8": 691.4515243446504,
    "ema21": 677.037542773406,
    "sma50": 673.8792443847656,
    "sma200": 663.2122473144532,
    "sma20": 666.6170013427734,
    "power_trend": {
      "3d_gt_20sma": true,
      "3d_gt_50sma": true,
      "3d_gt_200sma": true,
      "20sma_gt_50sma": false,
      "50sma_gt_200sma": true
    },
    "trend_status": {
      "9ema_dist": 2.91,
      "21ema_dist": 4.66,
      "50sma_dist": 5.11,
      "200sma_dist": 6.61,
      "52w_high_dist": 0.0
    }
  },
  "QQQ": {
    "signal": "POWER_3",
    "color": "green",
    "close": 648.8499755859375,
    "ema8": 626.4642664617307,
    "ema21": 609.2652232988373,
    "sma50": 601.6287329101563,
    "sma200": 597.5650732421875,
    "sma20": 597.9698486328125,
    "power_trend": {
      "3d_gt_20sma": true,
      "3d_gt_50sma": true,
      "3d_gt_200sma": true,
      "20sma_gt_50sma": false,
      "50sma_gt_200sma": true
    },
    "trend_status": {
      "9ema_dist": 3.82,
      "21ema_dist": 6.1,
      "50sma_dist": 7.28,
      "200sma_dist": 7.9,
      "52w_high_dist": 0.0
    }
  },
  "IWM": {
    "signal": "POWER_3",
    "color": "green",
    "close": 275.7799987792969,
    "ema8": 266.6384474316318,
    "ema21": 259.52104201724615,
    "sma50": 256.9405001831055,
    "sma200": 244.36863021850587,
    "sma20": 255.35900115966797,
    "power_trend": {
      "3d_gt_20sma": true,
      "3d_gt_50sma": true,
      "3d_gt_200sma": true,
      "20sma_gt_50sma": false,
      "50sma_gt_200sma": true
    },
    "trend_status": {
      "9ema_dist": 3.65,
      "21ema_dist": 5.9,
      "50sma_dist": 6.83,
      "200sma_dist": 11.39,
      "52w_high_dist": 0.0
    }
  },
  "RSP": {
    "signal": "CAUTION",
    "color": "yellow",
    "close": 203.16000366210938,
    "ema8": 199.25780206766913,
    "ema21": 196.8109410598711,
    "sma50": 197.57427856445312,
    "sma200": 190.32818794250488,
    "sma20": 194.67040100097657,
    "power_trend": {
      "3d_gt_20sma": true,
      "3d_gt_50sma": true,
      "3d_gt_200sma": true,
      "20sma_gt_50sma": false,
      "50sma_gt_200sma": true
    },
    "trend_status": {
      "9ema_dist": 2.1,
      "21ema_dist": 3.13,
      "50sma_dist": 2.75,
      "200sma_dist": 6.32,
      "52w_high_dist": -0.46
    }
  },
  "^GSPC": {
    "signal": "POWER_3",
    "color": "green",
    "close": 7126.06005859375,
    "ema8": 6938.670831348887,
    "ema21": 6795.678279619448,
    "sma50": 6769.15060546875,
    "sma200": 6683.792541503906,
    "sma20": 6690.448046875,
    "power_trend": {
      "3d_gt_20sma": true,
      "3d_gt_50sma": true,
      "3d_gt_200sma": true,
      "20sma_gt_50sma": false,
      "50sma_gt_200sma": true
    },
    "trend_status": {
      "9ema_dist": 2.91,
      "21ema_dist": 4.64,
      "50sma_dist": 5.01,
      "200sma_dist": 6.21,
      "52w_high_dist": 0.0
    }
  }
}