{
  "timestamp": "2026-05-12T22:42:32.873908+00:00",
  "SPY": {
    "signal": "POWER_3",
    "color": "green",
    "close": 738.1799926757812,
    "ema8": 731.0468557738462,
    "ema21": 715.7760099715226,
    "sma50": 685.906103515625,
    "sma200": 671.6400448608398,
    "sma20": 717.9090026855469,
    "power_trend": {
      "3d_gt_20sma": true,
      "3d_gt_50sma": true,
      "3d_gt_200sma": true,
      "20sma_gt_50sma": true,
      "50sma_gt_200sma": true
    },
    "trend_status": {
      "9ema_dist": 1.14,
      "21ema_dist": 3.04,
      "50sma_dist": 7.08,
      "200sma_dist": 9.01,
      "52w_high_dist": -0.15
    }
  },
  "QQQ": {
    "signal": "POWER_3",
    "color": "green",
    "close": 707.239990234375,
    "ema8": 695.3177313140567,
    "ema21": 669.2631254040231,
    "sma50": 624.8014086914062,
    "sma200": 607.6033813476563,
    "sma20": 669.522494506836,
    "power_trend": {
      "3d_gt_20sma": true,
      "3d_gt_50sma": true,
      "3d_gt_200sma": true,
      "20sma_gt_50sma": true,
      "50sma_gt_200sma": true
    },
    "trend_status": {
      "9ema_dist": 2.02,
      "21ema_dist": 5.37,
      "50sma_dist": 11.66,
      "200sma_dist": 14.09,
      "52w_high_dist": -0.85
    }
  },
  "IWM": {
    "signal": "POWER_3",
    "color": "green",
    "close": 282.57000732421875,
    "ema8": 282.15617963715414,
    "ema21": 276.34728894426337,
    "sma50": 262.4049020385742,
    "sma200": 249.31173294067383,
    "sma20": 277.8790023803711,
    "power_trend": {
      "3d_gt_20sma": true,
      "3d_gt_50sma": true,
      "3d_gt_200sma": true,
      "20sma_gt_50sma": true,
      "50sma_gt_200sma": true
    },
    "trend_status": {
      "9ema_dist": 0.29,
      "21ema_dist": 2.2,
      "50sma_dist": 7.14,
      "200sma_dist": 11.77,
      "52w_high_dist": -1.47
    }
  },
  "RSP": {
    "signal": "POWER_3",
    "color": "green",
    "close": 203.80999755859375,
    "ema8": 203.47305891237784,
    "ema21": 201.85300805713086,
    "sma50": 197.82361358642578,
    "sma200": 192.05541625976562,
    "sma20": 202.5605010986328,
    "power_trend": {
      "3d_gt_20sma": true,
      "3d_gt_50sma": true,
      "3d_gt_200sma": true,
      "20sma_gt_50sma": true,
      "50sma_gt_200sma": true
    },
    "trend_status": {
      "9ema_dist": 0.22,
      "21ema_dist": 0.96,
      "50sma_dist": 2.94,
      "200sma_dist": 5.77,
      "52w_high_dist": -0.51
    }
  },
  "^GSPC": {
    "signal": "POWER_3",
    "color": "green",
    "close": 7400.9599609375,
    "ema8": 7331.935030795606,
    "ema21": 7180.485031582411,
    "sma50": 6884.356220703125,
    "sma200": 6763.718640136719,
    "sma20": 7201.877001953125,
    "power_trend": {
      "3d_gt_20sma": true,
      "3d_gt_50sma": true,
      "3d_gt_200sma": true,
      "20sma_gt_50sma": true,
      "50sma_gt_200sma": true
    },
    "trend_status": {
      "9ema_dist": 1.1,
      "21ema_dist": 2.98,
      "50sma_dist": 6.98,
      "200sma_dist": 8.61,
      "52w_high_dist": -0.16
    }
  }
}