{
  "timestamp": "2026-05-08T22:32:21.042569+00:00",
  "SPY": {
    "signal": "POWER_3",
    "color": "green",
    "close": 737.6199951171875,
    "ema8": 726.0684820493043,
    "ema21": 710.9591740904444,
    "sma50": 683.7291491699219,
    "sma200": 670.5567721557617,
    "sma20": 713.0630035400391,
    "power_trend": {
      "3d_gt_20sma": true,
      "3d_gt_50sma": true,
      "3d_gt_200sma": true,
      "20sma_gt_50sma": true,
      "50sma_gt_200sma": true
    },
    "trend_status": {
      "9ema_dist": 1.74,
      "21ema_dist": 3.61,
      "50sma_dist": 7.31,
      "200sma_dist": 9.09,
      "52w_high_dist": 0.0
    }
  },
  "QQQ": {
    "signal": "POWER_3",
    "color": "green",
    "close": 711.22998046875,
    "ema8": 685.8031983640209,
    "ema21": 660.6829850100992,
    "sma50": 620.6677978515625,
    "sma200": 606.1367059326171,
    "sma20": 660.7954956054688,
    "power_trend": {
      "3d_gt_20sma": true,
      "3d_gt_50sma": true,
      "3d_gt_200sma": true,
      "20sma_gt_50sma": true,
      "50sma_gt_200sma": true
    },
    "trend_status": {
      "9ema_dist": 3.91,
      "21ema_dist": 7.11,
      "50sma_dist": 12.73,
      "200sma_dist": 14.78,
      "52w_high_dist": 0.0
    }
  },
  "IWM": {
    "signal": "POWER_3",
    "color": "green",
    "close": 284.1700134277344,
    "ema8": 281.0973593216699,
    "ema21": 274.76452015896047,
    "sma50": 261.53264984130857,
    "sma200": 248.69413162231444,
    "sma20": 276.17350311279296,
    "power_trend": {
      "3d_gt_20sma": true,
      "3d_gt_50sma": true,
      "3d_gt_200sma": true,
      "20sma_gt_50sma": true,
      "50sma_gt_200sma": true
    },
    "trend_status": {
      "9ema_dist": 1.25,
      "21ema_dist": 3.31,
      "50sma_dist": 7.97,
      "200sma_dist": 12.48,
      "52w_high_dist": -0.92
    }
  },
  "RSP": {
    "signal": "POWER_3",
    "color": "green",
    "close": 204.10000610351562,
    "ema8": 203.2015865090534,
    "ema21": 201.42403946778884,
    "sma50": 197.8238952636719,
    "sma200": 191.86579635620117,
    "sma20": 202.09500122070312,
    "power_trend": {
      "3d_gt_20sma": true,
      "3d_gt_50sma": true,
      "3d_gt_200sma": true,
      "20sma_gt_50sma": true,
      "50sma_gt_200sma": true
    },
    "trend_status": {
      "9ema_dist": 0.5,
      "21ema_dist": 1.31,
      "50sma_dist": 3.08,
      "200sma_dist": 5.99,
      "52w_high_dist": -0.37
    }
  },
  "^GSPC": {
    "signal": "POWER_3",
    "color": "green",
    "close": 7398.93017578125,
    "ema8": 7283.463273164673,
    "ema21": 7132.997308122459,
    "sma50": 6863.290224609375,
    "sma200": 6753.409592285157,
    "sma20": 7153.868017578125,
    "power_trend": {
      "3d_gt_20sma": true,
      "3d_gt_50sma": true,
      "3d_gt_200sma": true,
      "20sma_gt_50sma": true,
      "50sma_gt_200sma": true
    },
    "trend_status": {
      "9ema_dist": 1.73,
      "21ema_dist": 3.59,
      "50sma_dist": 7.24,
      "200sma_dist": 8.72,
      "52w_high_dist": 0.0
    }
  }
}