{
  "timestamp": "2026-04-21T22:11:13.130355+00:00",
  "SPY": {
    "signal": "POWER_3",
    "color": "green",
    "close": 704.0800170898438,
    "ema8": 697.2425258067755,
    "ema21": 682.1143320055734,
    "sma50": 674.8449743652344,
    "sma200": 664.0996865844727,
    "sma20": 672.0595001220703,
    "power_trend": {
      "3d_gt_20sma": true,
      "3d_gt_50sma": true,
      "3d_gt_200sma": true,
      "20sma_gt_50sma": false,
      "50sma_gt_200sma": true
    },
    "trend_status": {
      "9ema_dist": 1.23,
      "21ema_dist": 3.12,
      "50sma_dist": 4.15,
      "200sma_dist": 5.68,
      "52w_high_dist": -0.85
    }
  },
  "QQQ": {
    "signal": "POWER_3",
    "color": "green",
    "close": 644.3300170898438,
    "ema8": 633.9475192175903,
    "ema21": 615.5541512198034,
    "sma50": 603.3479235839844,
    "sma200": 598.5060479736328,
    "sma20": 604.0595001220703,
    "power_trend": {
      "3d_gt_20sma": true,
      "3d_gt_50sma": true,
      "3d_gt_200sma": true,
      "20sma_gt_50sma": true,
      "50sma_gt_200sma": true
    },
    "trend_status": {
      "9ema_dist": 1.95,
      "21ema_dist": 4.47,
      "50sma_dist": 6.36,
      "200sma_dist": 7.11,
      "52w_high_dist": -0.7
    }
  },
  "IWM": {
    "signal": "POWER_3",
    "color": "green",
    "close": 274.510009765625,
    "ema8": 270.2390640170423,
    "ema21": 262.357143555629,
    "sma50": 257.5791976928711,
    "sma200": 244.9249803161621,
    "sma20": 258.46850204467773,
    "power_trend": {
      "3d_gt_20sma": true,
      "3d_gt_50sma": true,
      "3d_gt_200sma": true,
      "20sma_gt_50sma": true,
      "50sma_gt_200sma": true
    },
    "trend_status": {
      "9ema_dist": 1.88,
      "21ema_dist": 4.43,
      "50sma_dist": 6.17,
      "200sma_dist": 10.78,
      "52w_high_dist": -1.02
    }
  },
  "RSP": {
    "signal": "POWER_3",
    "color": "green",
    "close": 202.5500030517578,
    "ema8": 200.77447406138322,
    "ema21": 197.91028239855333,
    "sma50": 197.71905212402345,
    "sma200": 190.5356894683838,
    "sma20": 195.9200012207031,
    "power_trend": {
      "3d_gt_20sma": true,
      "3d_gt_50sma": true,
      "3d_gt_200sma": true,
      "20sma_gt_50sma": false,
      "50sma_gt_200sma": true
    },
    "trend_status": {
      "9ema_dist": 1.05,
      "21ema_dist": 2.29,
      "50sma_dist": 2.39,
      "200sma_dist": 5.93,
      "52w_high_dist": -0.76
    }
  },
  "^GSPC": {
    "signal": "POWER_3",
    "color": "green",
    "close": 7064.009765625,
    "ema8": 6995.987758412446,
    "ema21": 6845.977989685868,
    "sma50": 6777.999609375,
    "sma200": 6692.124440917969,
    "sma20": 6744.73154296875,
    "power_trend": {
      "3d_gt_20sma": true,
      "3d_gt_50sma": true,
      "3d_gt_200sma": true,
      "20sma_gt_50sma": false,
      "50sma_gt_200sma": true
    },
    "trend_status": {
      "9ema_dist": 1.22,
      "21ema_dist": 3.09,
      "50sma_dist": 4.05,
      "200sma_dist": 5.26,
      "52w_high_dist": -0.87
    }
  }
}