{
  "timestamp": "2026-04-28T22:33:01.483304+00:00",
  "SPY": {
    "signal": "POWER_3",
    "color": "green",
    "close": 711.6900024414062,
    "ema8": 708.1039954802022,
    "ema21": 693.5313868452655,
    "sma50": 677.4206127929688,
    "sma200": 666.4603646850586,
    "sma20": 689.025,
    "power_trend": {
      "3d_gt_20sma": true,
      "3d_gt_50sma": true,
      "3d_gt_200sma": true,
      "20sma_gt_50sma": true,
      "50sma_gt_200sma": true
    },
    "trend_status": {
      "9ema_dist": 0.68,
      "21ema_dist": 2.55,
      "50sma_dist": 4.82,
      "200sma_dist": 6.36,
      "52w_high_dist": -0.49
    }
  },
  "QQQ": {
    "signal": "POWER_3",
    "color": "green",
    "close": 657.5499877929688,
    "ema8": 651.998216377563,
    "ema21": 631.9313339187036,
    "sma50": 608.4391259765625,
    "sma200": 601.1668887329101,
    "sma20": 625.3464965820312,
    "power_trend": {
      "3d_gt_20sma": true,
      "3d_gt_50sma": true,
      "3d_gt_200sma": true,
      "20sma_gt_50sma": true,
      "50sma_gt_200sma": true
    },
    "trend_status": {
      "9ema_dist": 1.13,
      "21ema_dist": 3.9,
      "50sma_dist": 7.47,
      "200sma_dist": 8.57,
      "52w_high_dist": -1.01
    }
  },
  "IWM": {
    "signal": "POWER_3",
    "color": "green",
    "close": 273.9100036621094,
    "ema8": 274.16909825683143,
    "ema21": 267.47893046008505,
    "sma50": 258.8102926635742,
    "sma200": 246.311863861084,
    "sma20": 265.91600189208987,
    "power_trend": {
      "3d_gt_20sma": true,
      "3d_gt_50sma": true,
      "3d_gt_200sma": true,
      "20sma_gt_50sma": true,
      "50sma_gt_200sma": true
    },
    "trend_status": {
      "9ema_dist": 0.09,
      "21ema_dist": 2.35,
      "50sma_dist": 5.51,
      "200sma_dist": 10.08,
      "52w_high_dist": -1.24
    }
  },
  "RSP": {
    "signal": "POWER_3",
    "color": "green",
    "close": 200.75999450683594,
    "ema8": 201.42781873791495,
    "ema21": 199.39207548516973,
    "sma50": 197.74318481445312,
    "sma200": 191.0269869995117,
    "sma20": 198.7754997253418,
    "power_trend": {
      "3d_gt_20sma": true,
      "3d_gt_50sma": true,
      "3d_gt_200sma": true,
      "20sma_gt_50sma": true,
      "50sma_gt_200sma": true
    },
    "trend_status": {
      "9ema_dist": -0.26,
      "21ema_dist": 0.68,
      "50sma_dist": 1.5,
      "200sma_dist": 4.85,
      "52w_high_dist": -1.63
    }
  },
  "^GSPC": {
    "signal": "POWER_3",
    "color": "green",
    "close": 7138.7998046875,
    "ema8": 7104.501114933635,
    "ema21": 6959.724422620487,
    "sma50": 6802.140810546875,
    "sma200": 6714.4500415039065,
    "sma20": 6914.0360107421875,
    "power_trend": {
      "3d_gt_20sma": true,
      "3d_gt_50sma": true,
      "3d_gt_200sma": true,
      "20sma_gt_50sma": true,
      "50sma_gt_200sma": true
    },
    "trend_status": {
      "9ema_dist": 0.66,
      "21ema_dist": 2.51,
      "50sma_dist": 4.72,
      "200sma_dist": 5.94,
      "52w_high_dist": -0.49
    }
  }
}