{
  "timestamp": "2026-03-18T22:00:46.434097+00:00",
  "SPY": {
    "signal": "WARNING",
    "color": "orange",
    "close": 661.4299926757812,
    "ema8": 669.641953523878,
    "ema21": 676.5481668678747,
    "sma50": 685.3511975097656,
    "sma200": 657.656280822754,
    "sma20": 678.95,
    "power_trend": {
      "3d_gt_20sma": false,
      "3d_gt_50sma": false,
      "3d_gt_200sma": true,
      "20sma_gt_50sma": false,
      "50sma_gt_200sma": true
    },
    "trend_status": {
      "9ema_dist": -1.35,
      "21ema_dist": -2.29,
      "50sma_dist": -3.62,
      "200sma_dist": 0.57,
      "52w_high_dist": -4.9
    }
  },
  "QQQ": {
    "signal": "WARNING",
    "color": "orange",
    "close": 594.9000244140625,
    "ema8": 600.5937730799936,
    "ema21": 604.3981043278623,
    "sma50": 612.3953991699219,
    "sma200": 591.3858248901367,
    "sma20": 604.831997680664,
    "power_trend": {
      "3d_gt_20sma": false,
      "3d_gt_50sma": false,
      "3d_gt_200sma": true,
      "20sma_gt_50sma": false,
      "50sma_gt_200sma": true
    },
    "trend_status": {
      "9ema_dist": -1.02,
      "21ema_dist": -1.6,
      "50sma_dist": -2.94,
      "200sma_dist": 0.59,
      "52w_high_dist": -6.31
    }
  },
  "IWM": {
    "signal": "WARNING",
    "color": "orange",
    "close": 246.02000427246094,
    "ema8": 249.8117368749092,
    "ema21": 254.4373528733496,
    "sma50": 259.90551818847655,
    "sma200": 239.62879531860352,
    "sma20": 256.4025199890137,
    "power_trend": {
      "3d_gt_20sma": false,
      "3d_gt_50sma": false,
      "3d_gt_200sma": true,
      "20sma_gt_50sma": false,
      "50sma_gt_200sma": true
    },
    "trend_status": {
      "9ema_dist": -1.74,
      "21ema_dist": -3.42,
      "50sma_dist": -5.64,
      "200sma_dist": 2.6,
      "52w_high_dist": -8.65
    }
  },
  "RSP": {
    "signal": "WARNING",
    "color": "orange",
    "close": 193.47000122070312,
    "ema8": 195.8119722170315,
    "ema21": 198.30217546460813,
    "sma50": 199.6244009399414,
    "sma200": 189.21068634033202,
    "sma20": 199.90500106811524,
    "power_trend": {
      "3d_gt_20sma": false,
      "3d_gt_50sma": false,
      "3d_gt_200sma": true,
      "20sma_gt_50sma": true,
      "50sma_gt_200sma": true
    },
    "trend_status": {
      "9ema_dist": -1.36,
      "21ema_dist": -2.5,
      "50sma_dist": -3.18,
      "200sma_dist": 2.2,
      "52w_high_dist": -5.61
    }
  },
  "^GSPC": {
    "signal": "WARNING",
    "color": "orange",
    "close": 6624.7001953125,
    "ema8": 6707.336125513353,
    "ema21": 6779.451129752354,
    "sma50": 6872.819375,
    "sma200": 6615.700485839844,
    "sma20": 6803.490966796875,
    "power_trend": {
      "3d_gt_20sma": false,
      "3d_gt_50sma": false,
      "3d_gt_200sma": true,
      "20sma_gt_50sma": false,
      "50sma_gt_200sma": true
    },
    "trend_status": {
      "9ema_dist": -1.36,
      "21ema_dist": -2.34,
      "50sma_dist": -3.75,
      "200sma_dist": 0.14,
      "52w_high_dist": -5.07
    }
  }
}