{
  "timestamp": "2026-05-14T22:37:58.276794+00:00",
  "SPY": {
    "signal": "POWER_3",
    "color": "green",
    "close": 748.1699829101562,
    "ema8": 736.7987110015011,
    "ema21": 720.9138081395971,
    "sma50": 688.4808813476562,
    "sma200": 672.7849472045898,
    "sma20": 722.3530029296875,
    "power_trend": {
      "3d_gt_20sma": true,
      "3d_gt_50sma": true,
      "3d_gt_200sma": true,
      "20sma_gt_50sma": true,
      "50sma_gt_200sma": true
    },
    "trend_status": {
      "9ema_dist": 1.7,
      "21ema_dist": 3.64,
      "50sma_dist": 7.98,
      "200sma_dist": 10.08,
      "52w_high_dist": 0.0
    }
  },
  "QQQ": {
    "signal": "POWER_3",
    "color": "green",
    "close": 719.7899780273438,
    "ema8": 704.1077623024465,
    "ema21": 677.6124175091172,
    "sma50": 629.275341796875,
    "sma200": 609.1198828125,
    "sma20": 677.3539947509765,
    "power_trend": {
      "3d_gt_20sma": true,
      "3d_gt_50sma": true,
      "3d_gt_200sma": true,
      "20sma_gt_50sma": true,
      "50sma_gt_200sma": true
    },
    "trend_status": {
      "9ema_dist": 2.5,
      "21ema_dist": 5.86,
      "50sma_dist": 12.58,
      "200sma_dist": 15.38,
      "52w_high_dist": 0.0
    }
  },
  "IWM": {
    "signal": "POWER_3",
    "color": "green",
    "close": 284.45001220703125,
    "ema8": 282.75473098685677,
    "ema21": 277.60643936402676,
    "sma50": 263.3458053588867,
    "sma200": 249.93099006652832,
    "sma20": 279.26800231933595,
    "power_trend": {
      "3d_gt_20sma": true,
      "3d_gt_50sma": true,
      "3d_gt_200sma": true,
      "20sma_gt_50sma": true,
      "50sma_gt_200sma": true
    },
    "trend_status": {
      "9ema_dist": 0.71,
      "21ema_dist": 2.41,
      "50sma_dist": 7.42,
      "200sma_dist": 12.14,
      "52w_high_dist": -0.82
    }
  },
  "RSP": {
    "signal": "POWER_3",
    "color": "green",
    "close": 203.66000366210938,
    "ema8": 203.41901144431753,
    "ema21": 202.1054613860381,
    "sma50": 197.89034057617187,
    "sma200": 192.24589782714844,
    "sma20": 202.87100143432616,
    "power_trend": {
      "3d_gt_20sma": true,
      "3d_gt_50sma": true,
      "3d_gt_200sma": true,
      "20sma_gt_50sma": true,
      "50sma_gt_200sma": true
    },
    "trend_status": {
      "9ema_dist": 0.15,
      "21ema_dist": 0.76,
      "50sma_dist": 2.83,
      "200sma_dist": 5.6,
      "52w_high_dist": -0.58
    }
  },
  "^GSPC": {
    "signal": "POWER_3",
    "color": "green",
    "close": 7501.240234375,
    "ema8": 7388.970873181912,
    "ema21": 7231.443353204323,
    "sma50": 6909.543427734375,
    "sma200": 6774.642941894531,
    "sma20": 7245.940014648438,
    "power_trend": {
      "3d_gt_20sma": true,
      "3d_gt_50sma": true,
      "3d_gt_200sma": true,
      "20sma_gt_50sma": true,
      "50sma_gt_200sma": true
    },
    "trend_status": {
      "9ema_dist": 1.67,
      "21ema_dist": 3.6,
      "50sma_dist": 7.89,
      "200sma_dist": 9.69,
      "52w_high_dist": 0.0
    }
  }
}