{
  "timestamp": "2026-04-27T22:28:27.820933+00:00",
  "SPY": {
    "signal": "POWER_3",
    "color": "green",
    "close": 715.1699829101562,
    "ema8": 707.0794220627154,
    "ema21": 691.7155252837657,
    "sma50": 676.7846765136719,
    "sma200": 665.9937908935547,
    "sma20": 685.0389984130859,
    "power_trend": {
      "3d_gt_20sma": true,
      "3d_gt_50sma": true,
      "3d_gt_200sma": true,
      "20sma_gt_50sma": true,
      "50sma_gt_200sma": true
    },
    "trend_status": {
      "9ema_dist": 1.33,
      "21ema_dist": 3.28,
      "50sma_dist": 5.37,
      "200sma_dist": 6.88,
      "52w_high_dist": 0.0
    }
  },
  "QQQ": {
    "signal": "POWER_3",
    "color": "green",
    "close": 664.22998046875,
    "ema8": 650.4119959731613,
    "ema21": 629.3694685267911,
    "sma50": 607.3113659667969,
    "sma200": 600.6398892211914,
    "sma20": 620.3829986572266,
    "power_trend": {
      "3d_gt_20sma": true,
      "3d_gt_50sma": true,
      "3d_gt_200sma": true,
      "20sma_gt_50sma": true,
      "50sma_gt_200sma": true
    },
    "trend_status": {
      "9ema_dist": 2.4,
      "21ema_dist": 5.25,
      "50sma_dist": 8.57,
      "200sma_dist": 9.57,
      "52w_high_dist": 0.0
    }
  },
  "IWM": {
    "signal": "POWER_3",
    "color": "green",
    "close": 277.1400146484375,
    "ema8": 274.24312528389487,
    "ema21": 266.83582313955327,
    "sma50": 258.58195404052736,
    "sma200": 246.04202819824218,
    "sma20": 264.201001739502,
    "power_trend": {
      "3d_gt_20sma": true,
      "3d_gt_50sma": true,
      "3d_gt_200sma": true,
      "20sma_gt_50sma": true,
      "50sma_gt_200sma": true
    },
    "trend_status": {
      "9ema_dist": 1.28,
      "21ema_dist": 3.72,
      "50sma_dist": 6.7,
      "200sma_dist": 11.22,
      "52w_high_dist": -0.08
    }
  },
  "RSP": {
    "signal": "POWER_3",
    "color": "green",
    "close": 201.7899932861328,
    "ema8": 201.61862566108036,
    "ema21": 199.2552835828591,
    "sma50": 197.76808837890624,
    "sma200": 190.93375595092775,
    "sma20": 198.14100036621093,
    "power_trend": {
      "3d_gt_20sma": true,
      "3d_gt_50sma": true,
      "3d_gt_200sma": true,
      "20sma_gt_50sma": true,
      "50sma_gt_200sma": true
    },
    "trend_status": {
      "9ema_dist": 0.18,
      "21ema_dist": 1.26,
      "50sma_dist": 1.99,
      "200sma_dist": 5.38,
      "52w_high_dist": -1.13
    }
  },
  "^GSPC": {
    "signal": "POWER_3",
    "color": "green",
    "close": 7173.91015625,
    "ema8": 7094.701489289673,
    "ema21": 6941.816884407221,
    "sma50": 6796.088212890625,
    "sma200": 6710.054792480469,
    "sma20": 6874.28203125,
    "power_trend": {
      "3d_gt_20sma": true,
      "3d_gt_50sma": true,
      "3d_gt_200sma": true,
      "20sma_gt_50sma": true,
      "50sma_gt_200sma": true
    },
    "trend_status": {
      "9ema_dist": 1.31,
      "21ema_dist": 3.24,
      "50sma_dist": 5.27,
      "200sma_dist": 6.47,
      "52w_high_dist": 0.0
    }
  }
}