{
  "timestamp": "2026-03-30T22:05:29.435992+00:00",
  "SPY": {
    "signal": "RISK_OFF",
    "color": "red",
    "close": 631.969970703125,
    "ema8": 646.5174437197293,
    "ema21": 659.4693743028613,
    "sma50": 676.7182336425781,
    "sma200": 658.146353149414,
    "sma20": 662.0812561035157,
    "power_trend": {
      "3d_gt_20sma": false,
      "3d_gt_50sma": false,
      "3d_gt_200sma": false,
      "20sma_gt_50sma": false,
      "50sma_gt_200sma": true
    },
    "trend_status": {
      "9ema_dist": -2.52,
      "21ema_dist": -4.35,
      "50sma_dist": -7.08,
      "200sma_dist": -4.14,
      "52w_high_dist": -8.88
    }
  },
  "QQQ": {
    "signal": "RISK_OFF",
    "color": "red",
    "close": 558.280029296875,
    "ema8": 576.3323994371117,
    "ema21": 589.4470423991598,
    "sma50": 605.2,
    "sma200": 593.4522909545899,
    "sma20": 593.1655029296875,
    "power_trend": {
      "3d_gt_20sma": false,
      "3d_gt_50sma": false,
      "3d_gt_200sma": false,
      "20sma_gt_50sma": false,
      "50sma_gt_200sma": true
    },
    "trend_status": {
      "9ema_dist": -3.51,
      "21ema_dist": -5.58,
      "50sma_dist": -8.4,
      "200sma_dist": -6.3,
      "52w_high_dist": -12.08
    }
  },
  "IWM": {
    "signal": "RISK_OFF",
    "color": "red",
    "close": 239.61000061035156,
    "ema8": 245.58553816157615,
    "ema21": 249.75774510352326,
    "sma50": 257.708244934082,
    "sma200": 241.13332527160645,
    "sma20": 249.55125350952147,
    "power_trend": {
      "3d_gt_20sma": false,
      "3d_gt_50sma": false,
      "3d_gt_200sma": false,
      "20sma_gt_50sma": false,
      "50sma_gt_200sma": true
    },
    "trend_status": {
      "9ema_dist": -2.65,
      "21ema_dist": -4.24,
      "50sma_dist": -7.55,
      "200sma_dist": -0.64,
      "52w_high_dist": -11.03
    }
  },
  "RSP": {
    "signal": "RISK_OFF",
    "color": "red",
    "close": 188.07000732421875,
    "ema8": 190.94013084630356,
    "ema21": 194.24022663680702,
    "sma50": 198.58880157470702,
    "sma200": 189.81011466979982,
    "sma20": 194.77800216674805,
    "power_trend": {
      "3d_gt_20sma": false,
      "3d_gt_50sma": false,
      "3d_gt_200sma": false,
      "20sma_gt_50sma": false,
      "50sma_gt_200sma": true
    },
    "trend_status": {
      "9ema_dist": -1.69,
      "21ema_dist": -3.28,
      "50sma_dist": -5.59,
      "200sma_dist": -0.93,
      "52w_high_dist": -8.25
    }
  },
  "^GSPC": {
    "signal": "RISK_OFF",
    "color": "red",
    "close": 6343.72021484375,
    "ema8": 6491.008917890804,
    "ema21": 6623.253575165012,
    "sma50": 6802.1473828125,
    "sma200": 6636.441789550781,
    "sma20": 6649.354028320313,
    "power_trend": {
      "3d_gt_20sma": false,
      "3d_gt_50sma": false,
      "3d_gt_200sma": false,
      "20sma_gt_50sma": false,
      "50sma_gt_200sma": true
    },
    "trend_status": {
      "9ema_dist": -2.54,
      "21ema_dist": -4.41,
      "50sma_dist": -7.23,
      "200sma_dist": -4.61,
      "52w_high_dist": -9.1
    }
  }
}