{
  "timestamp": "2026-04-24T22:11:34.270273+00:00",
  "SPY": {
    "signal": "POWER_3",
    "color": "green",
    "close": 713.9400024414062,
    "ema8": 704.7678332491607,
    "ema21": 689.3700795217571,
    "sma50": 676.0695678710938,
    "sma200": 665.520721130371,
    "sma20": 680.9850006103516,
    "power_trend": {
      "3d_gt_20sma": true,
      "3d_gt_50sma": true,
      "3d_gt_200sma": true,
      "20sma_gt_50sma": true,
      "50sma_gt_200sma": true
    },
    "trend_status": {
      "9ema_dist": 1.5,
      "21ema_dist": 3.44,
      "50sma_dist": 5.3,
      "200sma_dist": 6.78,
      "52w_high_dist": 0.0
    }
  },
  "QQQ": {
    "signal": "POWER_3",
    "color": "green",
    "close": 663.8800048828125,
    "ema8": 646.4640004029932,
    "ema21": 625.8834173359058,
    "sma50": 606.0244384765625,
    "sma200": 600.0857162475586,
    "sma20": 615.3005004882813,
    "power_trend": {
      "3d_gt_20sma": true,
      "3d_gt_50sma": true,
      "3d_gt_200sma": true,
      "20sma_gt_50sma": true,
      "50sma_gt_200sma": true
    },
    "trend_status": {
      "9ema_dist": 2.95,
      "21ema_dist": 5.72,
      "50sma_dist": 8.71,
      "200sma_dist": 9.61,
      "52w_high_dist": 0.0
    }
  },
  "IWM": {
    "signal": "POWER_3",
    "color": "green",
    "close": 276.6499938964844,
    "ema8": 273.4154426083112,
    "ema21": 265.8054039882942,
    "sma50": 258.2207369995117,
    "sma200": 245.77141944885253,
    "sma20": 262.49900131225587,
    "power_trend": {
      "3d_gt_20sma": true,
      "3d_gt_50sma": true,
      "3d_gt_200sma": true,
      "20sma_gt_50sma": true,
      "50sma_gt_200sma": true
    },
    "trend_status": {
      "9ema_dist": 1.43,
      "21ema_dist": 3.92,
      "50sma_dist": 6.66,
      "200sma_dist": 11.16,
      "52w_high_dist": -0.25
    }
  },
  "RSP": {
    "signal": "POWER_3",
    "color": "green",
    "close": 202.02999877929688,
    "ema8": 201.56966348249392,
    "ema21": 199.00181261238035,
    "sma50": 197.73096923828126,
    "sma200": 190.84208984375,
    "sma20": 197.47450103759766,
    "power_trend": {
      "3d_gt_20sma": true,
      "3d_gt_50sma": true,
      "3d_gt_200sma": true,
      "20sma_gt_50sma": false,
      "50sma_gt_200sma": true
    },
    "trend_status": {
      "9ema_dist": 0.35,
      "21ema_dist": 1.5,
      "50sma_dist": 2.13,
      "200sma_dist": 5.54,
      "52w_high_dist": -1.01
    }
  },
  "^GSPC": {
    "signal": "POWER_3",
    "color": "green",
    "close": 7165.080078125,
    "ema8": 7072.070441586722,
    "ema21": 6918.60755721622,
    "sma50": 6789.265205078125,
    "sma200": 6705.587541503906,
    "sma20": 6834.029028320312,
    "power_trend": {
      "3d_gt_20sma": true,
      "3d_gt_50sma": true,
      "3d_gt_200sma": true,
      "20sma_gt_50sma": true,
      "50sma_gt_200sma": true
    },
    "trend_status": {
      "9ema_dist": 1.51,
      "21ema_dist": 3.44,
      "50sma_dist": 5.25,
      "200sma_dist": 6.41,
      "52w_high_dist": 0.0
    }
  }
}