{
  "timestamp": "2026-05-06T22:26:19.721108+00:00",
  "SPY": {
    "signal": "POWER_3",
    "color": "green",
    "close": 733.8300170898438,
    "ema8": 720.2503447882947,
    "ema21": 705.9643994766569,
    "sma50": 681.9188452148437,
    "sma200": 669.473003540039,
    "sma20": 707.5715026855469,
    "power_trend": {
      "3d_gt_20sma": true,
      "3d_gt_50sma": true,
      "3d_gt_200sma": true,
      "20sma_gt_50sma": true,
      "50sma_gt_200sma": true
    },
    "trend_status": {
      "9ema_dist": 2.01,
      "21ema_dist": 3.8,
      "50sma_dist": 7.07,
      "200sma_dist": 8.77,
      "52w_high_dist": 0.0
    }
  },
  "QQQ": {
    "signal": "POWER_3",
    "color": "green",
    "close": 695.77001953125,
    "ema8": 673.852232344255,
    "ema21": 651.6971137627211,
    "sma50": 617.0319213867188,
    "sma200": 604.7103436279297,
    "sma20": 651.5499969482422,
    "power_trend": {
      "3d_gt_20sma": true,
      "3d_gt_50sma": true,
      "3d_gt_200sma": true,
      "20sma_gt_50sma": true,
      "50sma_gt_200sma": true
    },
    "trend_status": {
      "9ema_dist": 3.44,
      "21ema_dist": 6.33,
      "50sma_dist": 11.32,
      "200sma_dist": 13.09,
      "52w_high_dist": 0.0
    }
  },
  "IWM": {
    "signal": "POWER_3",
    "color": "green",
    "close": 286.79998779296875,
    "ema8": 279.6364434007611,
    "ema21": 272.9803669379925,
    "sma50": 260.7966061401367,
    "sma200": 248.09389999389649,
    "sma20": 274.01500091552737,
    "power_trend": {
      "3d_gt_20sma": true,
      "3d_gt_50sma": true,
      "3d_gt_200sma": true,
      "20sma_gt_50sma": true,
      "50sma_gt_200sma": true
    },
    "trend_status": {
      "9ema_dist": 2.69,
      "21ema_dist": 4.82,
      "50sma_dist": 9.07,
      "200sma_dist": 13.5,
      "52w_high_dist": 0.0
    }
  },
  "RSP": {
    "signal": "POWER_3",
    "color": "green",
    "close": 204.85000610351562,
    "ema8": 202.7748671706976,
    "ema21": 200.91808775609653,
    "sma50": 197.80248352050782,
    "sma200": 191.67085372924805,
    "sma20": 201.44950103759766,
    "power_trend": {
      "3d_gt_20sma": true,
      "3d_gt_50sma": true,
      "3d_gt_200sma": true,
      "20sma_gt_50sma": true,
      "50sma_gt_200sma": true
    },
    "trend_status": {
      "9ema_dist": 1.08,
      "21ema_dist": 1.92,
      "50sma_dist": 3.44,
      "200sma_dist": 6.43,
      "52w_high_dist": 0.0
    }
  },
  "^GSPC": {
    "signal": "POWER_3",
    "color": "green",
    "close": 7365.1201171875,
    "ema8": 7225.71926278242,
    "ema21": 7083.333437149376,
    "sma50": 6845.66921875,
    "sma200": 6743.072043457031,
    "sma20": 7099.143530273437,
    "power_trend": {
      "3d_gt_20sma": true,
      "3d_gt_50sma": true,
      "3d_gt_200sma": true,
      "20sma_gt_50sma": true,
      "50sma_gt_200sma": true
    },
    "trend_status": {
      "9ema_dist": 2.05,
      "21ema_dist": 3.83,
      "50sma_dist": 7.05,
      "200sma_dist": 8.45,
      "52w_high_dist": 0.0
    }
  }
}