{
  "timestamp": "2026-04-13T22:11:41.154588+00:00",
  "SPY": {
    "signal": "CAUTION",
    "color": "yellow",
    "close": 686.0999755859375,
    "ema8": 671.3037247377619,
    "ema21": 665.3907712079813,
    "sma50": 672.8667333984375,
    "sma200": 661.3890972900391,
    "sma20": 658.9971221923828,
    "power_trend": {
      "3d_gt_20sma": true,
      "3d_gt_50sma": true,
      "3d_gt_200sma": true,
      "20sma_gt_50sma": false,
      "50sma_gt_200sma": true
    },
    "trend_status": {
      "9ema_dist": 2.34,
      "21ema_dist": 3.02,
      "50sma_dist": 1.93,
      "200sma_dist": 3.6,
      "52w_high_dist": -1.08
    }
  },
  "QQQ": {
    "signal": "CAUTION",
    "color": "yellow",
    "close": 617.3900146484375,
    "ema8": 601.6282533480288,
    "ema21": 595.1924149781095,
    "sma50": 599.8657165527344,
    "sma200": 595.7126077270508,
    "sma20": 589.6337615966797,
    "power_trend": {
      "3d_gt_20sma": true,
      "3d_gt_50sma": true,
      "3d_gt_200sma": true,
      "20sma_gt_50sma": false,
      "50sma_gt_200sma": true
    },
    "trend_status": {
      "9ema_dist": 2.77,
      "21ema_dist": 3.6,
      "50sma_dist": 2.84,
      "200sma_dist": 3.51,
      "52w_high_dist": -2.64
    }
  },
  "IWM": {
    "signal": "CAUTION",
    "color": "yellow",
    "close": 265.07000732421875,
    "ema8": 257.9176958678147,
    "ema21": 254.08958656771935,
    "sma50": 256.1291830444336,
    "sma200": 243.23861221313476,
    "sma20": 250.7759002685547,
    "power_trend": {
      "3d_gt_20sma": true,
      "3d_gt_50sma": true,
      "3d_gt_200sma": true,
      "20sma_gt_50sma": false,
      "50sma_gt_200sma": true
    },
    "trend_status": {
      "9ema_dist": 2.95,
      "21ema_dist": 4.14,
      "50sma_dist": 3.37,
      "200sma_dist": 8.24,
      "52w_high_dist": -1.57
    }
  },
  "RSP": {
    "signal": "CAUTION",
    "color": "yellow",
    "close": 198.8300018310547,
    "ema8": 195.94701206783148,
    "ema21": 194.89656249509156,
    "sma50": 197.3636087036133,
    "sma200": 189.90044799804687,
    "sma20": 193.23511657714843,
    "power_trend": {
      "3d_gt_20sma": true,
      "3d_gt_50sma": false,
      "3d_gt_200sma": true,
      "20sma_gt_50sma": false,
      "50sma_gt_200sma": true
    },
    "trend_status": {
      "9ema_dist": 1.58,
      "21ema_dist": 1.98,
      "50sma_dist": 0.74,
      "200sma_dist": 4.49,
      "52w_high_dist": -2.58
    }
  },
  "^GSPC": {
    "signal": "CAUTION",
    "color": "yellow",
    "close": 6886.240234375,
    "ema8": 6737.254398504023,
    "ema21": 6679.816611586858,
    "sma50": 6760.31720703125,
    "sma200": 6666.589440917969,
    "sma20": 6614.89755859375,
    "power_trend": {
      "3d_gt_20sma": true,
      "3d_gt_50sma": true,
      "3d_gt_200sma": true,
      "20sma_gt_50sma": false,
      "50sma_gt_200sma": true
    },
    "trend_status": {
      "9ema_dist": 2.35,
      "21ema_dist": 3.0,
      "50sma_dist": 1.83,
      "200sma_dist": 3.19,
      "52w_high_dist": -1.32
    }
  }
}