{
  "timestamp": "2026-03-27T21:59:10.614757+00:00",
  "SPY": {
    "signal": "RISK_OFF",
    "color": "red",
    "close": 634.0900268554688,
    "ema8": 650.6738645816158,
    "ema21": 662.2193146544221,
    "sma50": 677.8859265136718,
    "sma200": 657.9592269897461,
    "sma20": 664.7082885742187,
    "power_trend": {
      "3d_gt_20sma": false,
      "3d_gt_50sma": false,
      "3d_gt_200sma": false,
      "20sma_gt_50sma": false,
      "50sma_gt_200sma": true
    },
    "trend_status": {
      "9ema_dist": -2.81,
      "21ema_dist": -4.44,
      "50sma_dist": -6.91,
      "200sma_dist": -3.76,
      "52w_high_dist": -8.58
    }
  },
  "QQQ": {
    "signal": "RISK_OFF",
    "color": "red",
    "close": 562.5800170898438,
    "ema8": 581.2768861649866,
    "ema21": 592.0934604390873,
    "sma50": 605.7792016601562,
    "sma200": 592.5845199584961,
    "sma20": 595.0882354736328,
    "power_trend": {
      "3d_gt_20sma": false,
      "3d_gt_50sma": false,
      "3d_gt_200sma": false,
      "20sma_gt_50sma": false,
      "50sma_gt_200sma": true
    },
    "trend_status": {
      "9ema_dist": -3.55,
      "21ema_dist": -5.25,
      "50sma_dist": -7.68,
      "200sma_dist": -5.33,
      "52w_high_dist": -11.29
    }
  },
  "IWM": {
    "signal": "WARNING",
    "color": "orange",
    "close": 243.10000610351562,
    "ema8": 247.2928346047831,
    "ema21": 250.77251955266823,
    "sma50": 258.2168157958984,
    "sma200": 240.992036819458,
    "sma20": 250.73783111572266,
    "power_trend": {
      "3d_gt_20sma": false,
      "3d_gt_50sma": false,
      "3d_gt_200sma": true,
      "20sma_gt_50sma": false,
      "50sma_gt_200sma": true
    },
    "trend_status": {
      "9ema_dist": -1.82,
      "21ema_dist": -3.16,
      "50sma_dist": -6.22,
      "200sma_dist": 0.87,
      "52w_high_dist": -9.73
    }
  },
  "RSP": {
    "signal": "RISK_OFF",
    "color": "red",
    "close": 188.4600067138672,
    "ema8": 191.5245386042517,
    "ema21": 194.33532700425744,
    "sma50": 198.05255981445313,
    "sma200": 188.9657116699219,
    "sma20": 194.97392501831055,
    "power_trend": {
      "3d_gt_20sma": false,
      "3d_gt_50sma": false,
      "3d_gt_200sma": false,
      "20sma_gt_50sma": false,
      "50sma_gt_200sma": true
    },
    "trend_status": {
      "9ema_dist": -1.76,
      "21ema_dist": -3.12,
      "50sma_dist": -5.09,
      "200sma_dist": -0.27,
      "52w_high_dist": -7.66
    }
  },
  "^GSPC": {
    "signal": "RISK_OFF",
    "color": "red",
    "close": 6368.85009765625,
    "ema8": 6533.0914044756755,
    "ema21": 6651.206911194025,
    "sma50": 6814.1623828125,
    "sma200": 6634.8343896484375,
    "sma20": 6676.2490234375,
    "power_trend": {
      "3d_gt_20sma": false,
      "3d_gt_50sma": false,
      "3d_gt_200sma": false,
      "20sma_gt_50sma": false,
      "50sma_gt_200sma": true
    },
    "trend_status": {
      "9ema_dist": -2.77,
      "21ema_dist": -4.43,
      "50sma_dist": -6.99,
      "200sma_dist": -4.18,
      "52w_high_dist": -8.74
    }
  }
}