{
  "timestamp": "2026-04-10T22:05:36.202235+00:00",
  "SPY": {
    "signal": "CAUTION",
    "color": "yellow",
    "close": 679.4600219726562,
    "ema8": 667.0762244954259,
    "ema21": 663.3198507694701,
    "sma50": 672.9877282714843,
    "sma200": 660.9686642456055,
    "sma20": 657.7164337158204,
    "power_trend": {
      "3d_gt_20sma": true,
      "3d_gt_50sma": true,
      "3d_gt_200sma": true,
      "20sma_gt_50sma": false,
      "50sma_gt_200sma": true
    },
    "trend_status": {
      "9ema_dist": 1.98,
      "21ema_dist": 2.38,
      "50sma_dist": 0.95,
      "200sma_dist": 2.72,
      "52w_high_dist": -2.04
    }
  },
  "QQQ": {
    "signal": "CAUTION",
    "color": "yellow",
    "close": 611.0700073242188,
    "ema8": 597.1248929764834,
    "ema21": 592.9726550103356,
    "sma50": 600.0906628417969,
    "sma200": 595.3214474487305,
    "sma20": 588.412875366211,
    "power_trend": {
      "3d_gt_20sma": true,
      "3d_gt_50sma": true,
      "3d_gt_200sma": true,
      "20sma_gt_50sma": false,
      "50sma_gt_200sma": true
    },
    "trend_status": {
      "9ema_dist": 2.46,
      "21ema_dist": 2.96,
      "50sma_dist": 1.8,
      "200sma_dist": 2.58,
      "52w_high_dist": -3.64
    }
  },
  "IWM": {
    "signal": "CAUTION",
    "color": "yellow",
    "close": 261.29998779296875,
    "ema8": 255.8741783088421,
    "ema21": 252.9915444916405,
    "sma50": 256.08582977294924,
    "sma200": 242.96471206665038,
    "sma20": 249.83000640869142,
    "power_trend": {
      "3d_gt_20sma": true,
      "3d_gt_50sma": true,
      "3d_gt_200sma": true,
      "20sma_gt_50sma": false,
      "50sma_gt_200sma": true
    },
    "trend_status": {
      "9ema_dist": 2.29,
      "21ema_dist": 3.18,
      "50sma_dist": 2.0,
      "200sma_dist": 7.02,
      "52w_high_dist": -2.97
    }
  },
  "RSP": {
    "signal": "CAUTION",
    "color": "yellow",
    "close": 196.64999389648438,
    "ema8": 195.12330070691058,
    "ema21": 194.50321856337968,
    "sma50": 197.34048309326172,
    "sma200": 189.7895132446289,
    "sma20": 192.92836837768556,
    "power_trend": {
      "3d_gt_20sma": true,
      "3d_gt_50sma": false,
      "3d_gt_200sma": true,
      "20sma_gt_50sma": false,
      "50sma_gt_200sma": true
    },
    "trend_status": {
      "9ema_dist": 0.88,
      "21ema_dist": 1.09,
      "50sma_dist": -0.35,
      "200sma_dist": 3.49,
      "52w_high_dist": -3.65
    }
  },
  "^GSPC": {
    "signal": "CAUTION",
    "color": "yellow",
    "close": 6816.89013671875,
    "ema8": 6694.6870168266,
    "ema21": 6659.1742493012125,
    "sma50": 6761.97259765625,
    "sma200": 6662.619040527344,
    "sma20": 6602.195043945312,
    "power_trend": {
      "3d_gt_20sma": true,
      "3d_gt_50sma": true,
      "3d_gt_200sma": true,
      "20sma_gt_50sma": false,
      "50sma_gt_200sma": true
    },
    "trend_status": {
      "9ema_dist": 1.95,
      "21ema_dist": 2.31,
      "50sma_dist": 0.81,
      "200sma_dist": 2.26,
      "52w_high_dist": -2.32
    }
  }
}