{
  "timestamp": "2026-04-09T22:08:42.560279+00:00",
  "SPY": {
    "signal": "CAUTION",
    "color": "yellow",
    "close": 679.9099731445312,
    "ema8": 663.5379966447884,
    "ema21": 661.7058336446573,
    "sma50": 673.2690466308594,
    "sma200": 660.5797467041016,
    "sma20": 656.9557281494141,
    "power_trend": {
      "3d_gt_20sma": true,
      "3d_gt_50sma": false,
      "3d_gt_200sma": false,
      "20sma_gt_50sma": false,
      "50sma_gt_200sma": true
    },
    "trend_status": {
      "9ema_dist": 2.54,
      "21ema_dist": 2.68,
      "50sma_dist": 0.98,
      "200sma_dist": 2.84,
      "52w_high_dist": -1.97
    }
  },
  "QQQ": {
    "signal": "CAUTION",
    "color": "yellow",
    "close": 610.1900024414062,
    "ema8": 593.1405745914159,
    "ema21": 591.1629197665326,
    "sma50": 600.5177136230469,
    "sma200": 594.9550131225586,
    "sma20": 587.6847686767578,
    "power_trend": {
      "3d_gt_20sma": true,
      "3d_gt_50sma": false,
      "3d_gt_200sma": false,
      "20sma_gt_50sma": false,
      "50sma_gt_200sma": true
    },
    "trend_status": {
      "9ema_dist": 2.94,
      "21ema_dist": 3.12,
      "50sma_dist": 1.59,
      "200sma_dist": 2.5,
      "52w_high_dist": -3.78
    }
  },
  "IWM": {
    "signal": "CAUTION",
    "color": "yellow",
    "close": 261.9599914550781,
    "ema8": 254.32394702766305,
    "ema21": 252.16070016114205,
    "sma50": 256.1164791870117,
    "sma200": 242.72206275939942,
    "sma20": 249.11354141235353,
    "power_trend": {
      "3d_gt_20sma": true,
      "3d_gt_50sma": false,
      "3d_gt_200sma": true,
      "20sma_gt_50sma": false,
      "50sma_gt_200sma": true
    },
    "trend_status": {
      "9ema_dist": 3.11,
      "21ema_dist": 3.74,
      "50sma_dist": 2.23,
      "200sma_dist": 7.34,
      "52w_high_dist": -2.73
    }
  },
  "RSP": {
    "signal": "CAUTION",
    "color": "yellow",
    "close": 198.0800018310547,
    "ema8": 194.68710265274663,
    "ema21": 194.28854102988726,
    "sma50": 197.3557797241211,
    "sma200": 189.69589721679688,
    "sma20": 192.73111877441406,
    "power_trend": {
      "3d_gt_20sma": true,
      "3d_gt_50sma": false,
      "3d_gt_200sma": true,
      "20sma_gt_50sma": false,
      "50sma_gt_200sma": true
    },
    "trend_status": {
      "9ema_dist": 1.82,
      "21ema_dist": 1.91,
      "50sma_dist": 0.37,
      "200sma_dist": 4.23,
      "52w_high_dist": -2.95
    }
  },
  "^GSPC": {
    "signal": "CAUTION",
    "color": "yellow",
    "close": 6824.66015625,
    "ema8": 6659.771839714555,
    "ema21": 6643.402660552511,
    "sma50": 6765.195390625,
    "sma200": 6658.9954907226565,
    "sma20": 6594.98154296875,
    "power_trend": {
      "3d_gt_20sma": true,
      "3d_gt_50sma": false,
      "3d_gt_200sma": false,
      "20sma_gt_50sma": false,
      "50sma_gt_200sma": true
    },
    "trend_status": {
      "9ema_dist": 2.55,
      "21ema_dist": 2.66,
      "50sma_dist": 0.87,
      "200sma_dist": 2.43,
      "52w_high_dist": -2.21
    }
  }
}