{
  "timestamp": "2026-04-16T22:09:35.311849+00:00",
  "SPY": {
    "signal": "POWER_3",
    "color": "green",
    "close": 701.6599731445312,
    "ema8": 686.1119556864253,
    "ema21": 673.7272955873991,
    "sma50": 673.3628662109375,
    "sma200": 662.7238214111328,
    "sma20": 664.0101501464844,
    "power_trend": {
      "3d_gt_20sma": true,
      "3d_gt_50sma": true,
      "3d_gt_200sma": true,
      "20sma_gt_50sma": false,
      "50sma_gt_200sma": true
    },
    "trend_status": {
      "9ema_dist": 2.48,
      "21ema_dist": 3.98,
      "50sma_dist": 4.03,
      "200sma_dist": 5.55,
      "52w_high_dist": 0.0
    }
  },
  "QQQ": {
    "signal": "POWER_3",
    "color": "green",
    "close": 640.469970703125,
    "ema8": 620.0683495691001,
    "ema21": 605.3067480619276,
    "sma50": 600.7514770507812,
    "sma200": 597.0456536865235,
    "sma20": 595.1410095214844,
    "power_trend": {
      "3d_gt_20sma": true,
      "3d_gt_50sma": true,
      "3d_gt_200sma": true,
      "20sma_gt_50sma": false,
      "50sma_gt_200sma": true
    },
    "trend_status": {
      "9ema_dist": 3.53,
      "21ema_dist": 5.49,
      "50sma_dist": 6.2,
      "200sma_dist": 6.78,
      "52w_high_dist": 0.0
    }
  },
  "IWM": {
    "signal": "POWER_3",
    "color": "green",
    "close": 269.95001220703125,
    "ema8": 264.02657561801317,
    "ema21": 257.8951463406714,
    "sma50": 256.6260482788086,
    "sma200": 244.07113983154298,
    "sma20": 253.95150146484374,
    "power_trend": {
      "3d_gt_20sma": true,
      "3d_gt_50sma": true,
      "3d_gt_200sma": true,
      "20sma_gt_50sma": false,
      "50sma_gt_200sma": true
    },
    "trend_status": {
      "9ema_dist": 2.5,
      "21ema_dist": 4.47,
      "50sma_dist": 4.94,
      "200sma_dist": 9.59,
      "52w_high_dist": 0.0
    }
  },
  "RSP": {
    "signal": "CAUTION",
    "color": "yellow",
    "close": 200.63999938964844,
    "ema8": 198.14288732640046,
    "ema21": 196.17603480085953,
    "sma50": 197.50000122070313,
    "sma200": 190.2202410888672,
    "sma20": 194.1371955871582,
    "power_trend": {
      "3d_gt_20sma": true,
      "3d_gt_50sma": true,
      "3d_gt_200sma": true,
      "20sma_gt_50sma": false,
      "50sma_gt_200sma": true
    },
    "trend_status": {
      "9ema_dist": 1.4,
      "21ema_dist": 2.22,
      "50sma_dist": 1.56,
      "200sma_dist": 5.19,
      "52w_high_dist": -1.69
    }
  },
  "^GSPC": {
    "signal": "CAUTION",
    "color": "yellow",
    "close": 7041.27978515625,
    "ema8": 6885.131052136068,
    "ema21": 6762.6401017137505,
    "sma50": 6764.28380859375,
    "sma200": 6679.152290039063,
    "sma20": 6664.469555664063,
    "power_trend": {
      "3d_gt_20sma": true,
      "3d_gt_50sma": true,
      "3d_gt_200sma": true,
      "20sma_gt_50sma": false,
      "50sma_gt_200sma": true
    },
    "trend_status": {
      "9ema_dist": 2.48,
      "21ema_dist": 3.96,
      "50sma_dist": 3.93,
      "200sma_dist": 5.14,
      "52w_high_dist": 0.0
    }
  }
}