{
  "timestamp": "2026-05-01T22:27:01.025710+00:00",
  "SPY": {
    "signal": "POWER_3",
    "color": "green",
    "close": 720.6500244140625,
    "ema8": 713.183775988756,
    "ema21": 699.4294805074513,
    "sma50": 679.4778784179688,
    "sma200": 667.9376574707031,
    "sma20": 698.4989990234375,
    "power_trend": {
      "3d_gt_20sma": true,
      "3d_gt_50sma": true,
      "3d_gt_200sma": true,
      "20sma_gt_50sma": true,
      "50sma_gt_200sma": true
    },
    "trend_status": {
      "9ema_dist": 1.19,
      "21ema_dist": 2.94,
      "50sma_dist": 5.71,
      "200sma_dist": 7.31,
      "52w_high_dist": 0.0
    }
  },
  "QQQ": {
    "signal": "POWER_3",
    "color": "green",
    "close": 674.1500244140625,
    "ema8": 660.9283836212443,
    "ema21": 640.9555871777686,
    "sma50": 612.3427294921875,
    "sma200": 602.8639834594727,
    "sma20": 638.1959991455078,
    "power_trend": {
      "3d_gt_20sma": true,
      "3d_gt_50sma": true,
      "3d_gt_200sma": true,
      "20sma_gt_50sma": true,
      "50sma_gt_200sma": true
    },
    "trend_status": {
      "9ema_dist": 2.21,
      "21ema_dist": 4.92,
      "50sma_dist": 9.17,
      "200sma_dist": 10.57,
      "52w_high_dist": 0.0
    }
  },
  "IWM": {
    "signal": "POWER_3",
    "color": "green",
    "close": 279.2799987792969,
    "ema8": 275.68095931718784,
    "ema21": 269.7644696506426,
    "sma50": 259.59240570068357,
    "sma200": 247.1696395111084,
    "sma20": 269.9400016784668,
    "power_trend": {
      "3d_gt_20sma": true,
      "3d_gt_50sma": true,
      "3d_gt_200sma": true,
      "20sma_gt_50sma": true,
      "50sma_gt_200sma": true
    },
    "trend_status": {
      "9ema_dist": 1.44,
      "21ema_dist": 3.41,
      "50sma_dist": 7.05,
      "200sma_dist": 11.5,
      "52w_high_dist": 0.0
    }
  },
  "RSP": {
    "signal": "POWER_3",
    "color": "green",
    "close": 202.82000732421875,
    "ema8": 201.94815319634048,
    "ema21": 200.11472352115186,
    "sma50": 197.74392669677735,
    "sma200": 191.34759033203125,
    "sma20": 200.23150100708008,
    "power_trend": {
      "3d_gt_20sma": true,
      "3d_gt_50sma": true,
      "3d_gt_200sma": true,
      "20sma_gt_50sma": true,
      "50sma_gt_200sma": true
    },
    "trend_status": {
      "9ema_dist": 0.49,
      "21ema_dist": 1.33,
      "50sma_dist": 2.5,
      "200sma_dist": 5.66,
      "52w_high_dist": -0.63
    }
  },
  "^GSPC": {
    "signal": "POWER_3",
    "color": "green",
    "close": 7230.1201171875,
    "ema8": 7154.70739508366,
    "ema21": 7018.148047011253,
    "sma50": 6821.91400390625,
    "sma200": 6728.445341796875,
    "sma20": 7008.463525390625,
    "power_trend": {
      "3d_gt_20sma": true,
      "3d_gt_50sma": true,
      "3d_gt_200sma": true,
      "20sma_gt_50sma": true,
      "50sma_gt_200sma": true
    },
    "trend_status": {
      "9ema_dist": 1.19,
      "21ema_dist": 2.93,
      "50sma_dist": 5.65,
      "200sma_dist": 6.94,
      "52w_high_dist": 0.0
    }
  }
}