{
  "timestamp": "2026-04-29T22:34:00.871887+00:00",
  "SPY": {
    "signal": "POWER_3",
    "color": "green",
    "close": 711.5800170898438,
    "ema8": 708.8764447267893,
    "ema21": 695.1721714135609,
    "sma50": 678.0324096679688,
    "sma200": 666.9204916381836,
    "sma20": 692.0869995117188,
    "power_trend": {
      "3d_gt_20sma": true,
      "3d_gt_50sma": true,
      "3d_gt_200sma": true,
      "20sma_gt_50sma": true,
      "50sma_gt_200sma": true
    },
    "trend_status": {
      "9ema_dist": 0.53,
      "21ema_dist": 2.31,
      "50sma_dist": 4.71,
      "200sma_dist": 6.28,
      "52w_high_dist": -0.5
    }
  },
  "QQQ": {
    "signal": "POWER_3",
    "color": "green",
    "close": 661.5700073242188,
    "ema8": 654.1252810323755,
    "ema21": 634.6257587713735,
    "sma50": 609.6596716308594,
    "sma200": 601.703978881836,
    "sma20": 629.5659973144532,
    "power_trend": {
      "3d_gt_20sma": true,
      "3d_gt_50sma": true,
      "3d_gt_200sma": true,
      "20sma_gt_50sma": true,
      "50sma_gt_200sma": true
    },
    "trend_status": {
      "9ema_dist": 1.38,
      "21ema_dist": 4.07,
      "50sma_dist": 7.85,
      "200sma_dist": 9.05,
      "52w_high_dist": -0.4
    }
  },
  "IWM": {
    "signal": "POWER_3",
    "color": "green",
    "close": 272.0799865722656,
    "ema8": 273.70485121581686,
    "ema21": 267.89720828875465,
    "sma50": 259.0004336547852,
    "sma200": 246.56515876770018,
    "sma20": 267.1200012207031,
    "power_trend": {
      "3d_gt_20sma": true,
      "3d_gt_50sma": true,
      "3d_gt_200sma": true,
      "20sma_gt_50sma": true,
      "50sma_gt_200sma": true
    },
    "trend_status": {
      "9ema_dist": -0.46,
      "21ema_dist": 1.54,
      "50sma_dist": 4.81,
      "200sma_dist": 9.38,
      "52w_high_dist": -1.9
    }
  },
  "RSP": {
    "signal": "POWER_3",
    "color": "green",
    "close": 200.41000366210938,
    "ema8": 201.20163760995817,
    "ema21": 199.48461440987737,
    "sma50": 197.71825134277344,
    "sma200": 191.11752960205078,
    "sma20": 199.2,
    "power_trend": {
      "3d_gt_20sma": true,
      "3d_gt_50sma": true,
      "3d_gt_200sma": true,
      "20sma_gt_50sma": true,
      "50sma_gt_200sma": true
    },
    "trend_status": {
      "9ema_dist": -0.35,
      "21ema_dist": 0.46,
      "50sma_dist": 1.34,
      "200sma_dist": 4.64,
      "52w_high_dist": -1.81
    }
  },
  "^GSPC": {
    "signal": "POWER_3",
    "color": "green",
    "close": 7135.9501953125,
    "ema8": 7111.4897994622725,
    "ema21": 6975.74494741651,
    "sma50": 6807.99541015625,
    "sma200": 6718.7869921875,
    "sma20": 6944.40751953125,
    "power_trend": {
      "3d_gt_20sma": true,
      "3d_gt_50sma": true,
      "3d_gt_200sma": true,
      "20sma_gt_50sma": true,
      "50sma_gt_200sma": true
    },
    "trend_status": {
      "9ema_dist": 0.49,
      "21ema_dist": 2.25,
      "50sma_dist": 4.6,
      "200sma_dist": 5.85,
      "52w_high_dist": -0.53
    }
  }
}