{
  "timestamp": "2026-03-16T22:03:49.166486+00:00",
  "SPY": {
    "signal": "WARNING",
    "color": "orange",
    "close": 669.030029296875,
    "ema8": 672.3305852017802,
    "ema21": 678.7869849121288,
    "sma50": 686.1245971679688,
    "sma200": 656.8414669799805,
    "sma20": 680.7959991455078,
    "power_trend": {
      "3d_gt_20sma": false,
      "3d_gt_50sma": false,
      "3d_gt_200sma": true,
      "20sma_gt_50sma": false,
      "50sma_gt_200sma": true
    },
    "trend_status": {
      "9ema_dist": -0.61,
      "21ema_dist": -1.46,
      "50sma_dist": -2.56,
      "200sma_dist": 1.82,
      "52w_high_dist": -3.8
    }
  },
  "QQQ": {
    "signal": "WARNING",
    "color": "orange",
    "close": 600.3800048828125,
    "ema8": 601.9092900858376,
    "ema21": 605.5517037943642,
    "sma50": 613.0533984375,
    "sma200": 590.5714709472657,
    "sma20": 605.2759948730469,
    "power_trend": {
      "3d_gt_20sma": false,
      "3d_gt_50sma": false,
      "3d_gt_200sma": true,
      "20sma_gt_50sma": false,
      "50sma_gt_200sma": true
    },
    "trend_status": {
      "9ema_dist": -0.32,
      "21ema_dist": -0.86,
      "50sma_dist": -2.11,
      "200sma_dist": 1.63,
      "52w_high_dist": -5.44
    }
  },
  "IWM": {
    "signal": "WARNING",
    "color": "orange",
    "close": 248.9199981689453,
    "ema8": 251.58327302628408,
    "ema21": 256.2570263667214,
    "sma50": 260.4589990234375,
    "sma200": 239.6079429626465,
    "sma20": 258.3624977111816,
    "power_trend": {
      "3d_gt_20sma": false,
      "3d_gt_50sma": false,
      "3d_gt_200sma": true,
      "20sma_gt_50sma": false,
      "50sma_gt_200sma": true
    },
    "trend_status": {
      "9ema_dist": -1.29,
      "21ema_dist": -2.95,
      "50sma_dist": -4.64,
      "200sma_dist": 3.74,
      "52w_high_dist": -7.74
    }
  },
  "RSP": {
    "signal": "WARNING",
    "color": "orange",
    "close": 194.9600067138672,
    "ema8": 196.6042792833119,
    "ema21": 199.05893187252448,
    "sma50": 199.5842007446289,
    "sma200": 189.00601661682128,
    "sma20": 200.73350143432617,
    "power_trend": {
      "3d_gt_20sma": false,
      "3d_gt_50sma": false,
      "3d_gt_200sma": true,
      "20sma_gt_50sma": true,
      "50sma_gt_200sma": true
    },
    "trend_status": {
      "9ema_dist": -1.02,
      "21ema_dist": -2.1,
      "50sma_dist": -2.37,
      "200sma_dist": 3.05,
      "52w_high_dist": -4.88
    }
  },
  "^GSPC": {
    "signal": "WARNING",
    "color": "orange",
    "close": 6699.3798828125,
    "ema8": 6735.191119152172,
    "ema21": 6802.809861132199,
    "sma50": 6881.213974609375,
    "sma200": 6608.115834960938,
    "sma20": 6822.677978515625,
    "power_trend": {
      "3d_gt_20sma": false,
      "3d_gt_50sma": false,
      "3d_gt_200sma": true,
      "20sma_gt_50sma": false,
      "50sma_gt_200sma": true
    },
    "trend_status": {
      "9ema_dist": -0.65,
      "21ema_dist": -1.54,
      "50sma_dist": -2.71,
      "200sma_dist": 1.36,
      "52w_high_dist": -4.0
    }
  }
}