{
  "timestamp": "2026-05-07T22:37:03.786502+00:00",
  "SPY": {
    "signal": "POWER_3",
    "color": "green",
    "close": 731.5800170898438,
    "ema8": 722.7680497441946,
    "ema21": 708.293091987602,
    "sma50": 682.7252014160156,
    "sma200": 670.0130493164063,
    "sma20": 710.1550048828125,
    "power_trend": {
      "3d_gt_20sma": true,
      "3d_gt_50sma": true,
      "3d_gt_200sma": true,
      "20sma_gt_50sma": true,
      "50sma_gt_200sma": true
    },
    "trend_status": {
      "9ema_dist": 1.37,
      "21ema_dist": 3.18,
      "50sma_dist": 6.68,
      "200sma_dist": 8.42,
      "52w_high_dist": -0.31
    }
  },
  "QQQ": {
    "signal": "POWER_3",
    "color": "green",
    "close": 694.9400024414062,
    "ema8": 678.5384034769553,
    "ema21": 655.6282854633151,
    "sma50": 618.6126538085938,
    "sma200": 605.3891772460937,
    "sma20": 655.7874969482422,
    "power_trend": {
      "3d_gt_20sma": true,
      "3d_gt_50sma": true,
      "3d_gt_200sma": true,
      "20sma_gt_50sma": true,
      "50sma_gt_200sma": true
    },
    "trend_status": {
      "9ema_dist": 2.66,
      "21ema_dist": 5.66,
      "50sma_dist": 10.98,
      "200sma_dist": 12.89,
      "52w_high_dist": -0.12
    }
  },
  "IWM": {
    "signal": "POWER_3",
    "color": "green",
    "close": 282.260009765625,
    "ema8": 280.21945814850864,
    "ema21": 273.8239708317454,
    "sma50": 261.15960296630857,
    "sma200": 248.3976978302002,
    "sma20": 275.0300018310547,
    "power_trend": {
      "3d_gt_20sma": true,
      "3d_gt_50sma": true,
      "3d_gt_200sma": true,
      "20sma_gt_50sma": true,
      "50sma_gt_200sma": true
    },
    "trend_status": {
      "9ema_dist": 0.9,
      "21ema_dist": 2.99,
      "50sma_dist": 7.48,
      "200sma_dist": 12.0,
      "52w_high_dist": -1.58
    }
  },
  "RSP": {
    "signal": "POWER_3",
    "color": "green",
    "close": 203.5399932861328,
    "ema8": 202.9448951963499,
    "ema21": 201.15644280441194,
    "sma50": 197.81904022216796,
    "sma200": 191.77072677612304,
    "sma20": 201.72250061035157,
    "power_trend": {
      "3d_gt_20sma": true,
      "3d_gt_50sma": true,
      "3d_gt_200sma": true,
      "20sma_gt_50sma": true,
      "50sma_gt_200sma": true
    },
    "trend_status": {
      "9ema_dist": 0.36,
      "21ema_dist": 1.17,
      "50sma_dist": 2.81,
      "200sma_dist": 5.78,
      "52w_high_dist": -0.64
    }
  },
  "^GSPC": {
    "signal": "POWER_3",
    "color": "green",
    "close": 7337.10986328125,
    "ema8": 7250.472729559938,
    "ema21": 7106.404021349506,
    "sma50": 6853.488818359375,
    "sma200": 6748.2094921875,
    "sma20": 7124.766015625,
    "power_trend": {
      "3d_gt_20sma": true,
      "3d_gt_50sma": true,
      "3d_gt_200sma": true,
      "20sma_gt_50sma": true,
      "50sma_gt_200sma": true
    },
    "trend_status": {
      "9ema_dist": 1.34,
      "21ema_dist": 3.14,
      "50sma_dist": 6.59,
      "200sma_dist": 8.03,
      "52w_high_dist": -0.38
    }
  }
}