{
  "timestamp": "2026-03-17T22:03:58.241930+00:00",
  "SPY": {
    "signal": "WARNING",
    "color": "orange",
    "close": 670.7899780273438,
    "ema8": 671.9882280519055,
    "ema21": 678.0599842866477,
    "sma50": 685.8769970703125,
    "sma200": 657.2706381225586,
    "sma20": 680.1929992675781,
    "power_trend": {
      "3d_gt_20sma": false,
      "3d_gt_50sma": false,
      "3d_gt_200sma": true,
      "20sma_gt_50sma": false,
      "50sma_gt_200sma": true
    },
    "trend_status": {
      "9ema_dist": -0.27,
      "21ema_dist": -1.08,
      "50sma_dist": -2.25,
      "200sma_dist": 2.02,
      "52w_high_dist": -3.55
    }
  },
  "QQQ": {
    "signal": "WARNING",
    "color": "orange",
    "close": 603.3099975585938,
    "ema8": 602.2205584131168,
    "ema21": 605.3479123187416,
    "sma50": 612.8571984863281,
    "sma200": 590.9976287841797,
    "sma20": 605.3764953613281,
    "power_trend": {
      "3d_gt_20sma": false,
      "3d_gt_50sma": false,
      "3d_gt_200sma": true,
      "20sma_gt_50sma": false,
      "50sma_gt_200sma": true
    },
    "trend_status": {
      "9ema_dist": 0.13,
      "21ema_dist": -0.34,
      "50sma_dist": -1.58,
      "200sma_dist": 2.04,
      "52w_high_dist": -4.98
    }
  },
  "IWM": {
    "signal": "WARNING",
    "color": "orange",
    "close": 250.0500030517578,
    "ema8": 251.24254636527823,
    "ema21": 255.69275152006747,
    "sma50": 260.4843991088867,
    "sma200": 239.83676696777343,
    "sma20": 257.71299743652344,
    "power_trend": {
      "3d_gt_20sma": false,
      "3d_gt_50sma": false,
      "3d_gt_200sma": true,
      "20sma_gt_50sma": false,
      "50sma_gt_200sma": true
    },
    "trend_status": {
      "9ema_dist": -0.67,
      "21ema_dist": -2.26,
      "50sma_dist": -4.17,
      "200sma_dist": 4.08,
      "52w_high_dist": -7.32
    }
  },
  "RSP": {
    "signal": "WARNING",
    "color": "orange",
    "close": 196.0500030517578,
    "ema8": 196.48110678741102,
    "ema21": 198.78539288891858,
    "sma50": 199.64800079345704,
    "sma200": 189.11462913513185,
    "sma20": 200.410001373291,
    "power_trend": {
      "3d_gt_20sma": false,
      "3d_gt_50sma": false,
      "3d_gt_200sma": true,
      "20sma_gt_50sma": true,
      "50sma_gt_200sma": true
    },
    "trend_status": {
      "9ema_dist": -0.37,
      "21ema_dist": -1.4,
      "50sma_dist": -1.84,
      "200sma_dist": 3.54,
      "52w_high_dist": -4.35
    }
  },
  "^GSPC": {
    "signal": "WARNING",
    "color": "orange",
    "close": 6716.08984375,
    "ema8": 6730.946391285024,
    "ema21": 6794.926223192221,
    "sma50": 6878.3663671875,
    "sma200": 6612.135434570312,
    "sma20": 6816.321459960937,
    "power_trend": {
      "3d_gt_20sma": false,
      "3d_gt_50sma": false,
      "3d_gt_200sma": true,
      "20sma_gt_50sma": false,
      "50sma_gt_200sma": true
    },
    "trend_status": {
      "9ema_dist": -0.32,
      "21ema_dist": -1.17,
      "50sma_dist": -2.42,
      "200sma_dist": 1.55,
      "52w_high_dist": -3.76
    }
  }
}