{
  "timestamp": "2026-03-11T21:57:11.841253+00:00",
  "SPY": {
    "signal": "WARNING",
    "color": "orange",
    "close": 676.3300170898438,
    "ema8": 679.3694311189981,
    "ema21": 683.0549460327082,
    "sma50": 687.3125964355469,
    "sma200": 655.5686291503906,
    "sma20": 683.6760009765625,
    "power_trend": {
      "3d_gt_20sma": false,
      "3d_gt_50sma": false,
      "3d_gt_200sma": true,
      "20sma_gt_50sma": false,
      "50sma_gt_200sma": true
    },
    "trend_status": {
      "9ema_dist": -0.51,
      "21ema_dist": -0.99,
      "50sma_dist": -1.62,
      "200sma_dist": 3.07,
      "52w_high_dist": -2.75
    }
  },
  "QQQ": {
    "signal": "WARNING",
    "color": "orange",
    "close": 607.6900024414062,
    "ema8": 606.9682636033087,
    "ema21": 608.3081394038911,
    "sma50": 614.3183984375,
    "sma200": 589.3339237976074,
    "sma20": 606.4914947509766,
    "power_trend": {
      "3d_gt_20sma": true,
      "3d_gt_50sma": false,
      "3d_gt_200sma": true,
      "20sma_gt_50sma": false,
      "50sma_gt_200sma": true
    },
    "trend_status": {
      "9ema_dist": 0.11,
      "21ema_dist": -0.1,
      "50sma_dist": -1.09,
      "200sma_dist": 3.02,
      "52w_high_dist": -4.29
    }
  },
  "IWM": {
    "signal": "WARNING",
    "color": "orange",
    "close": 252.85000610351562,
    "ema8": 255.86777386393865,
    "ema21": 259.0928823516025,
    "sma50": 260.481999206543,
    "sma200": 238.9447861480713,
    "sma20": 260.58899841308596,
    "power_trend": {
      "3d_gt_20sma": false,
      "3d_gt_50sma": false,
      "3d_gt_200sma": true,
      "20sma_gt_50sma": true,
      "50sma_gt_200sma": true
    },
    "trend_status": {
      "9ema_dist": -1.36,
      "21ema_dist": -2.47,
      "50sma_dist": -3.02,
      "200sma_dist": 5.5,
      "52w_high_dist": -6.28
    }
  },
  "RSP": {
    "signal": "WARNING",
    "color": "orange",
    "close": 196.57000732421875,
    "ema8": 199.39223933290577,
    "ema21": 200.7170771617027,
    "sma50": 199.50980072021486,
    "sma200": 188.70337432861328,
    "sma20": 201.9890007019043,
    "power_trend": {
      "3d_gt_20sma": false,
      "3d_gt_50sma": false,
      "3d_gt_200sma": true,
      "20sma_gt_50sma": true,
      "50sma_gt_200sma": true
    },
    "trend_status": {
      "9ema_dist": -1.57,
      "21ema_dist": -2.11,
      "50sma_dist": -1.5,
      "200sma_dist": 4.0,
      "52w_high_dist": -4.1
    }
  }
}