{
  "timestamp": "2026-03-24T22:02:44.524431+00:00",
  "SPY": {
    "signal": "RISK_OFF",
    "color": "red",
    "close": 653.1799926757812,
    "ema8": 658.801629235713,
    "ema21": 668.0471108786569,
    "sma50": 680.6384631347656,
    "sma200": 657.1866143798828,
    "sma20": 671.0486083984375,
    "power_trend": {
      "3d_gt_20sma": false,
      "3d_gt_50sma": false,
      "3d_gt_200sma": false,
      "20sma_gt_50sma": false,
      "50sma_gt_200sma": true
    },
    "trend_status": {
      "9ema_dist": -1.0,
      "21ema_dist": -2.28,
      "50sma_dist": -4.2,
      "200sma_dist": -0.61,
      "52w_high_dist": -5.83
    }
  },
  "QQQ": {
    "signal": "RISK_OFF",
    "color": "red",
    "close": 583.97998046875,
    "ema8": 591.4417180206708,
    "ema21": 598.7312624922542,
    "sma50": 609.4453991699219,
    "sma200": 592.6382540893554,
    "sma20": 601.1070007324219,
    "power_trend": {
      "3d_gt_20sma": false,
      "3d_gt_50sma": false,
      "3d_gt_200sma": false,
      "20sma_gt_50sma": false,
      "50sma_gt_200sma": true
    },
    "trend_status": {
      "9ema_dist": -1.42,
      "21ema_dist": -2.53,
      "50sma_dist": -4.36,
      "200sma_dist": -1.48,
      "52w_high_dist": -8.03
    }
  },
  "IWM": {
    "signal": "WARNING",
    "color": "orange",
    "close": 248.77999877929688,
    "ema8": 247.92558137821186,
    "ema21": 251.96272178451738,
    "sma50": 259.0625,
    "sma200": 240.44498222351075,
    "sma20": 253.1485137939453,
    "power_trend": {
      "3d_gt_20sma": false,
      "3d_gt_50sma": false,
      "3d_gt_200sma": true,
      "20sma_gt_50sma": false,
      "50sma_gt_200sma": true
    },
    "trend_status": {
      "9ema_dist": 0.22,
      "21ema_dist": -1.28,
      "50sma_dist": -4.13,
      "200sma_dist": 3.35,
      "52w_high_dist": -7.62
    }
  },
  "RSP": {
    "signal": "WARNING",
    "color": "orange",
    "close": 191.9199981689453,
    "ema8": 193.2573154470467,
    "ema21": 196.247536219615,
    "sma50": 199.2556008911133,
    "sma200": 189.5443445587158,
    "sma20": 197.64850082397462,
    "power_trend": {
      "3d_gt_20sma": false,
      "3d_gt_50sma": false,
      "3d_gt_200sma": true,
      "20sma_gt_50sma": false,
      "50sma_gt_200sma": true
    },
    "trend_status": {
      "9ema_dist": -0.85,
      "21ema_dist": -2.25,
      "50sma_dist": -3.82,
      "200sma_dist": 1.24,
      "52w_high_dist": -6.37
    }
  },
  "^GSPC": {
    "signal": "RISK_OFF",
    "color": "red",
    "close": 6556.3701171875,
    "ema8": 6614.406845263167,
    "ema21": 6710.447929550878,
    "sma50": 6842.75638671875,
    "sma200": 6627.870087890625,
    "sma20": 6741.0469970703125,
    "power_trend": {
      "3d_gt_20sma": false,
      "3d_gt_50sma": false,
      "3d_gt_200sma": false,
      "20sma_gt_50sma": false,
      "50sma_gt_200sma": true
    },
    "trend_status": {
      "9ema_dist": -1.03,
      "21ema_dist": -2.35,
      "50sma_dist": -4.37,
      "200sma_dist": -1.09,
      "52w_high_dist": -6.05
    }
  }
}