{
  "timestamp": "2026-05-05T22:32:41.564235+00:00",
  "SPY": {
    "signal": "POWER_3",
    "color": "green",
    "close": 723.77001953125,
    "ema8": 716.3704384164234,
    "ema21": 703.1778377139191,
    "sma50": 680.9518029785156,
    "sma200": 668.9212619018555,
    "sma20": 704.6805023193359,
    "power_trend": {
      "3d_gt_20sma": true,
      "3d_gt_50sma": true,
      "3d_gt_200sma": true,
      "20sma_gt_50sma": true,
      "50sma_gt_200sma": true
    },
    "trend_status": {
      "9ema_dist": 1.16,
      "21ema_dist": 2.85,
      "50sma_dist": 5.92,
      "200sma_dist": 7.58,
      "52w_high_dist": 0.0
    }
  },
  "QQQ": {
    "signal": "POWER_3",
    "color": "green",
    "close": 681.6099853515625,
    "ema8": 667.590007433685,
    "ema21": 647.2898231870868,
    "sma50": 615.2586108398438,
    "sma200": 604.0419088745117,
    "sma20": 647.0659973144532,
    "power_trend": {
      "3d_gt_20sma": true,
      "3d_gt_50sma": true,
      "3d_gt_200sma": true,
      "20sma_gt_50sma": true,
      "50sma_gt_200sma": true
    },
    "trend_status": {
      "9ema_dist": 2.31,
      "21ema_dist": 5.04,
      "50sma_dist": 9.73,
      "200sma_dist": 11.38,
      "52w_high_dist": 0.0
    }
  },
  "IWM": {
    "signal": "POWER_3",
    "color": "green",
    "close": 282.55999755859375,
    "ema8": 277.5897164315589,
    "ema21": 271.59840485213124,
    "sma50": 260.317854309082,
    "sma200": 247.7582746887207,
    "sma20": 272.69850158691406,
    "power_trend": {
      "3d_gt_20sma": true,
      "3d_gt_50sma": true,
      "3d_gt_200sma": true,
      "20sma_gt_50sma": true,
      "50sma_gt_200sma": true
    },
    "trend_status": {
      "9ema_dist": 1.92,
      "21ema_dist": 3.88,
      "50sma_dist": 7.87,
      "200sma_dist": 12.32,
      "52w_high_dist": 0.0
    }
  },
  "RSP": {
    "signal": "POWER_3",
    "color": "green",
    "close": 203.24000549316406,
    "ema8": 202.1819703327496,
    "ema21": 200.5248959212012,
    "sma50": 197.75733673095704,
    "sma200": 191.5528769683838,
    "sma20": 201.10500106811523,
    "power_trend": {
      "3d_gt_20sma": true,
      "3d_gt_50sma": true,
      "3d_gt_200sma": true,
      "20sma_gt_50sma": true,
      "50sma_gt_200sma": true
    },
    "trend_status": {
      "9ema_dist": 0.57,
      "21ema_dist": 1.34,
      "50sma_dist": 2.7,
      "200sma_dist": 5.75,
      "52w_high_dist": -0.42
    }
  },
  "^GSPC": {
    "signal": "POWER_3",
    "color": "green",
    "close": 7259.22021484375,
    "ema8": 7185.890447238111,
    "ema21": 7055.154769138393,
    "sma50": 6836.168212890625,
    "sma200": 6737.774443359375,
    "sma20": 7070.02802734375,
    "power_trend": {
      "3d_gt_20sma": true,
      "3d_gt_50sma": true,
      "3d_gt_200sma": true,
      "20sma_gt_50sma": true,
      "50sma_gt_200sma": true
    },
    "trend_status": {
      "9ema_dist": 1.15,
      "21ema_dist": 2.81,
      "50sma_dist": 5.83,
      "200sma_dist": 7.18,
      "52w_high_dist": 0.0
    }
  }
}