{
  "timestamp": "2026-04-20T22:11:27.821177+00:00",
  "SPY": {
    "signal": "POWER_3",
    "color": "green",
    "close": 708.719970703125,
    "ema8": 695.2889568687559,
    "ema21": 679.9177634963496,
    "sma50": 674.538154296875,
    "sma200": 663.6796884155274,
    "sma20": 669.6244995117188,
    "power_trend": {
      "3d_gt_20sma": true,
      "3d_gt_50sma": true,
      "3d_gt_200sma": true,
      "20sma_gt_50sma": false,
      "50sma_gt_200sma": true
    },
    "trend_status": {
      "9ema_dist": 2.18,
      "21ema_dist": 4.06,
      "50sma_dist": 4.82,
      "200sma_dist": 6.36,
      "52w_high_dist": -0.2
    }
  },
  "QQQ": {
    "signal": "POWER_3",
    "color": "green",
    "close": 646.7899780273438,
    "ema8": 630.9810912540892,
    "ema21": 612.6765646319232,
    "sma50": 602.6389685058593,
    "sma200": 598.0552111816406,
    "sma20": 601.2429992675782,
    "power_trend": {
      "3d_gt_20sma": true,
      "3d_gt_50sma": true,
      "3d_gt_200sma": true,
      "20sma_gt_50sma": false,
      "50sma_gt_200sma": true
    },
    "trend_status": {
      "9ema_dist": 2.81,
      "21ema_dist": 5.27,
      "50sma_dist": 6.83,
      "200sma_dist": 7.53,
      "52w_high_dist": -0.32
    }
  },
  "IWM": {
    "signal": "POWER_3",
    "color": "green",
    "close": 277.3500061035156,
    "ema8": 269.01879380316154,
    "ema21": 261.1418569342464,
    "sma50": 257.37998565673826,
    "sma200": 244.65898963928223,
    "sma20": 257.1155014038086,
    "power_trend": {
      "3d_gt_20sma": true,
      "3d_gt_50sma": true,
      "3d_gt_200sma": true,
      "20sma_gt_50sma": false,
      "50sma_gt_200sma": true
    },
    "trend_status": {
      "9ema_dist": 3.35,
      "21ema_dist": 5.84,
      "50sma_dist": 7.2,
      "200sma_dist": 11.79,
      "52w_high_dist": 0.0
    }
  },
  "RSP": {
    "signal": "CAUTION",
    "color": "yellow",
    "close": 203.8000030517578,
    "ema8": 200.2671800641333,
    "ema21": 197.44631033188506,
    "sma50": 197.6960076904297,
    "sma200": 190.4372608947754,
    "sma20": 195.37700119018555,
    "power_trend": {
      "3d_gt_20sma": true,
      "3d_gt_50sma": true,
      "3d_gt_200sma": true,
      "20sma_gt_50sma": false,
      "50sma_gt_200sma": true
    },
    "trend_status": {
      "9ema_dist": 1.92,
      "21ema_dist": 3.12,
      "50sma_dist": 3.0,
      "200sma_dist": 6.56,
      "52w_high_dist": -0.15
    }
  },
  "^GSPC": {
    "signal": "POWER_3",
    "color": "green",
    "close": 7109.14013671875,
    "ema8": 6976.5528992088575,
    "ema21": 6824.174812084183,
    "sma50": 6775.36541015625,
    "sma200": 6688.201142578125,
    "sma20": 6720.5810546875,
    "power_trend": {
      "3d_gt_20sma": true,
      "3d_gt_50sma": true,
      "3d_gt_200sma": true,
      "20sma_gt_50sma": false,
      "50sma_gt_200sma": true
    },
    "trend_status": {
      "9ema_dist": 2.14,
      "21ema_dist": 4.01,
      "50sma_dist": 4.7,
      "200sma_dist": 5.92,
      "52w_high_dist": -0.24
    }
  }
}