{
  "timestamp": "2026-05-15T22:31:38.413789+00:00",
  "SPY": {
    "signal": "POWER_3",
    "color": "green",
    "close": 739.1699829101562,
    "ema8": 737.3256603145358,
    "ema21": 722.5734603920422,
    "sma50": 689.6751928710937,
    "sma200": 673.3351788330078,
    "sma20": 723.8045013427734,
    "power_trend": {
      "3d_gt_20sma": true,
      "3d_gt_50sma": true,
      "3d_gt_200sma": true,
      "20sma_gt_50sma": true,
      "50sma_gt_200sma": true
    },
    "trend_status": {
      "9ema_dist": 0.4,
      "21ema_dist": 2.25,
      "50sma_dist": 6.7,
      "200sma_dist": 8.91,
      "52w_high_dist": -1.2
    }
  },
  "QQQ": {
    "signal": "POWER_3",
    "color": "green",
    "close": 708.9299926757812,
    "ema8": 705.1793690520765,
    "ema21": 680.4594697977072,
    "sma50": 631.2910791015624,
    "sma200": 609.8349401855469,
    "sma20": 680.3579956054688,
    "power_trend": {
      "3d_gt_20sma": true,
      "3d_gt_50sma": true,
      "3d_gt_200sma": true,
      "20sma_gt_50sma": true,
      "50sma_gt_200sma": true
    },
    "trend_status": {
      "9ema_dist": 0.8,
      "21ema_dist": 4.02,
      "50sma_dist": 10.95,
      "200sma_dist": 13.98,
      "52w_high_dist": -1.51
    }
  },
  "IWM": {
    "signal": "POWER_3",
    "color": "green",
    "close": 277.6000061035156,
    "ema8": 281.60923656833654,
    "ema21": 277.6058545224332,
    "sma50": 263.77172393798827,
    "sma200": 250.21997032165527,
    "sma20": 279.3590026855469,
    "power_trend": {
      "3d_gt_20sma": false,
      "3d_gt_50sma": true,
      "3d_gt_200sma": true,
      "20sma_gt_50sma": true,
      "50sma_gt_200sma": true
    },
    "trend_status": {
      "9ema_dist": -1.39,
      "21ema_dist": -0.0,
      "50sma_dist": 4.98,
      "200sma_dist": 9.86,
      "52w_high_dist": -3.21
    }
  },
  "RSP": {
    "signal": "POWER_3",
    "color": "green",
    "close": 201.55999755859375,
    "ema8": 203.00589724749003,
    "ema21": 202.05587376545867,
    "sma50": 197.9278384399414,
    "sma200": 192.33868537902833,
    "sma20": 202.7910011291504,
    "power_trend": {
      "3d_gt_20sma": false,
      "3d_gt_50sma": true,
      "3d_gt_200sma": true,
      "20sma_gt_50sma": true,
      "50sma_gt_200sma": true
    },
    "trend_status": {
      "9ema_dist": -0.71,
      "21ema_dist": -0.25,
      "50sma_dist": 1.8,
      "200sma_dist": 4.57,
      "52w_high_dist": -1.61
    }
  },
  "^GSPC": {
    "signal": "POWER_3",
    "color": "green",
    "close": 7408.5,
    "ema8": 7393.310679141487,
    "ema21": 7247.53941200946,
    "sma50": 6921.099228515625,
    "sma200": 6779.870942382812,
    "sma20": 7260.06201171875,
    "power_trend": {
      "3d_gt_20sma": true,
      "3d_gt_50sma": true,
      "3d_gt_200sma": true,
      "20sma_gt_50sma": true,
      "50sma_gt_200sma": true
    },
    "trend_status": {
      "9ema_dist": 0.35,
      "21ema_dist": 2.17,
      "50sma_dist": 6.58,
      "200sma_dist": 8.49,
      "52w_high_dist": -1.24
    }
  }
}