{
  "timestamp": "2026-03-10T21:52:43.165954+00:00",
  "SPY": {
    "signal": "WARNING",
    "color": "orange",
    "close": 677.1799926757812,
    "ema8": 680.2378351273278,
    "ema21": 683.7274389264311,
    "sma50": 687.5921960449218,
    "sma200": 655.0772595214844,
    "sma20": 684.4654998779297,
    "power_trend": {
      "3d_gt_20sma": false,
      "3d_gt_50sma": false,
      "3d_gt_200sma": true,
      "20sma_gt_50sma": false,
      "50sma_gt_200sma": true
    },
    "trend_status": {
      "9ema_dist": -0.52,
      "21ema_dist": -0.97,
      "50sma_dist": -1.54,
      "200sma_dist": 3.26,
      "52w_high_dist": -2.63
    }
  },
  "QQQ": {
    "signal": "WARNING",
    "color": "orange",
    "close": 607.77001953125,
    "ema8": 606.7620525067094,
    "ema21": 608.3699530994149,
    "sma50": 614.6423986816407,
    "sma200": 588.8563166809082,
    "sma20": 606.6804931640625,
    "power_trend": {
      "3d_gt_20sma": false,
      "3d_gt_50sma": false,
      "3d_gt_200sma": true,
      "20sma_gt_50sma": false,
      "50sma_gt_200sma": true
    },
    "trend_status": {
      "9ema_dist": 0.16,
      "21ema_dist": -0.1,
      "50sma_dist": -1.13,
      "200sma_dist": 3.11,
      "52w_high_dist": -4.28
    }
  },
  "IWM": {
    "signal": "WARNING",
    "color": "orange",
    "close": 253.36000061035156,
    "ema8": 256.7299932240595,
    "ema21": 259.71716997618967,
    "sma50": 260.4533990478516,
    "sma200": 238.68749198913574,
    "sma20": 261.25449829101564,
    "power_trend": {
      "3d_gt_20sma": false,
      "3d_gt_50sma": false,
      "3d_gt_200sma": true,
      "20sma_gt_50sma": true,
      "50sma_gt_200sma": true
    },
    "trend_status": {
      "9ema_dist": -1.5,
      "21ema_dist": -2.51,
      "50sma_dist": -2.8,
      "200sma_dist": 5.79,
      "52w_high_dist": -6.09
    }
  },
  "RSP": {
    "signal": "WARNING",
    "color": "orange",
    "close": 197.22000122070312,
    "ema8": 200.19859133538776,
    "ema21": 201.13178414533863,
    "sma50": 199.45520050048827,
    "sma200": 188.58490280151366,
    "sma20": 202.31550064086915,
    "power_trend": {
      "3d_gt_20sma": false,
      "3d_gt_50sma": false,
      "3d_gt_200sma": true,
      "20sma_gt_50sma": true,
      "50sma_gt_200sma": true
    },
    "trend_status": {
      "9ema_dist": -1.62,
      "21ema_dist": -1.98,
      "50sma_dist": -1.13,
      "200sma_dist": 4.38,
      "52w_high_dist": -3.78
    }
  }
}