{
  "timestamp": "2026-04-30T22:30:20.470552+00:00",
  "SPY": {
    "signal": "POWER_3",
    "color": "green",
    "close": 718.6599731445312,
    "ema8": 711.0505621529542,
    "ema21": 697.3074261170093,
    "sma50": 678.7171923828125,
    "sma200": 667.4292550659179,
    "sma20": 695.2579986572266,
    "power_trend": {
      "3d_gt_20sma": true,
      "3d_gt_50sma": true,
      "3d_gt_200sma": true,
      "20sma_gt_50sma": true,
      "50sma_gt_200sma": true
    },
    "trend_status": {
      "9ema_dist": 1.21,
      "21ema_dist": 2.97,
      "50sma_dist": 5.56,
      "200sma_dist": 7.13,
      "52w_high_dist": 0.0
    }
  },
  "QQQ": {
    "signal": "POWER_3",
    "color": "green",
    "close": 667.739990234375,
    "ema8": 657.1507719661532,
    "ema21": 637.6361434505487,
    "sma50": 610.9139294433594,
    "sma200": 602.2693759155273,
    "sma20": 633.7374969482422,
    "power_trend": {
      "3d_gt_20sma": true,
      "3d_gt_50sma": true,
      "3d_gt_200sma": true,
      "20sma_gt_50sma": true,
      "50sma_gt_200sma": true
    },
    "trend_status": {
      "9ema_dist": 1.83,
      "21ema_dist": 4.51,
      "50sma_dist": 8.51,
      "200sma_dist": 9.8,
      "52w_high_dist": 0.0
    }
  },
  "IWM": {
    "signal": "POWER_3",
    "color": "green",
    "close": 277.9700012207031,
    "ema8": 274.65266232801383,
    "ema21": 268.8129167374142,
    "sma50": 259.2894088745117,
    "sma200": 246.8695810699463,
    "sma20": 268.5405014038086,
    "power_trend": {
      "3d_gt_20sma": true,
      "3d_gt_50sma": true,
      "3d_gt_200sma": true,
      "20sma_gt_50sma": true,
      "50sma_gt_200sma": true
    },
    "trend_status": {
      "9ema_dist": 1.33,
      "21ema_dist": 3.29,
      "50sma_dist": 6.72,
      "200sma_dist": 11.19,
      "52w_high_dist": 0.0
    }
  },
  "RSP": {
    "signal": "POWER_3",
    "color": "green",
    "close": 203.44000244140625,
    "ema8": 201.69905201694667,
    "ema21": 199.84419514069646,
    "sma50": 197.73300720214843,
    "sma200": 191.23586311340333,
    "sma20": 199.74500045776367,
    "power_trend": {
      "3d_gt_20sma": true,
      "3d_gt_50sma": true,
      "3d_gt_200sma": true,
      "20sma_gt_50sma": true,
      "50sma_gt_200sma": true
    },
    "trend_status": {
      "9ema_dist": 0.92,
      "21ema_dist": 1.77,
      "50sma_dist": 2.81,
      "200sma_dist": 6.0,
      "52w_high_dist": -0.32
    }
  },
  "^GSPC": {
    "signal": "POWER_3",
    "color": "green",
    "close": 7209.009765625,
    "ema8": 7133.160903053991,
    "ema21": 6996.950839986998,
    "sma50": 6814.549404296875,
    "sma200": 6723.6132421875,
    "sma20": 6976.092016601562,
    "power_trend": {
      "3d_gt_20sma": true,
      "3d_gt_50sma": true,
      "3d_gt_200sma": true,
      "20sma_gt_50sma": true,
      "50sma_gt_200sma": true
    },
    "trend_status": {
      "9ema_dist": 1.2,
      "21ema_dist": 2.94,
      "50sma_dist": 5.47,
      "200sma_dist": 6.73,
      "52w_high_dist": 0.0
    }
  }
}