{
  "timestamp": "2026-04-23T22:10:43.124678+00:00",
  "SPY": {
    "signal": "POWER_3",
    "color": "green",
    "close": 708.4500122070312,
    "ema8": 702.1472134799476,
    "ema21": 686.9130872276323,
    "sma50": 675.5922766113281,
    "sma200": 665.0450784301757,
    "sma20": 677.5425018310547,
    "power_trend": {
      "3d_gt_20sma": true,
      "3d_gt_50sma": true,
      "3d_gt_200sma": true,
      "20sma_gt_50sma": true,
      "50sma_gt_200sma": true
    },
    "trend_status": {
      "9ema_dist": 1.11,
      "21ema_dist": 3.04,
      "50sma_dist": 4.64,
      "200sma_dist": 6.13,
      "52w_high_dist": -0.39
    }
  },
  "QQQ": {
    "signal": "POWER_3",
    "color": "green",
    "close": 651.4199829101562,
    "ema8": 641.4879991230447,
    "ema21": 622.0837585804081,
    "sma50": 604.9935961914063,
    "sma200": 599.5372775268555,
    "sma20": 610.7959991455078,
    "power_trend": {
      "3d_gt_20sma": true,
      "3d_gt_50sma": true,
      "3d_gt_200sma": true,
      "20sma_gt_50sma": true,
      "50sma_gt_200sma": true
    },
    "trend_status": {
      "9ema_dist": 1.84,
      "21ema_dist": 4.5,
      "50sma_dist": 7.13,
      "200sma_dist": 7.96,
      "52w_high_dist": -0.56
    }
  },
  "IWM": {
    "signal": "POWER_3",
    "color": "green",
    "close": 275.5199890136719,
    "ema8": 272.4912850974045,
    "ema21": 264.72094499713035,
    "sma50": 257.97732818603515,
    "sma200": 245.4975563812256,
    "sma20": 261.03850173950195,
    "power_trend": {
      "3d_gt_20sma": true,
      "3d_gt_50sma": true,
      "3d_gt_200sma": true,
      "20sma_gt_50sma": true,
      "50sma_gt_200sma": true
    },
    "trend_status": {
      "9ema_dist": 1.38,
      "21ema_dist": 3.92,
      "50sma_dist": 6.37,
      "200sma_dist": 10.9,
      "52w_high_dist": -0.66
    }
  },
  "RSP": {
    "signal": "POWER_3",
    "color": "green",
    "close": 202.4499969482422,
    "ema8": 201.43813911197878,
    "ema21": 198.69899399466314,
    "sma50": 197.74222259521486,
    "sma200": 190.74394065856933,
    "sma20": 196.92700119018554,
    "power_trend": {
      "3d_gt_20sma": true,
      "3d_gt_50sma": true,
      "3d_gt_200sma": true,
      "20sma_gt_50sma": false,
      "50sma_gt_200sma": true
    },
    "trend_status": {
      "9ema_dist": 0.64,
      "21ema_dist": 1.85,
      "50sma_dist": 2.33,
      "200sma_dist": 5.78,
      "52w_high_dist": -0.81
    }
  },
  "^GSPC": {
    "signal": "POWER_3",
    "color": "green",
    "close": 7108.39990234375,
    "ema8": 7045.496259718641,
    "ema21": 6893.96030511849,
    "sma50": 6784.7930078125,
    "sma200": 6701.078439941406,
    "sma20": 6799.633032226562,
    "power_trend": {
      "3d_gt_20sma": true,
      "3d_gt_50sma": true,
      "3d_gt_200sma": true,
      "20sma_gt_50sma": true,
      "50sma_gt_200sma": true
    },
    "trend_status": {
      "9ema_dist": 1.11,
      "21ema_dist": 3.02,
      "50sma_dist": 4.55,
      "200sma_dist": 5.73,
      "52w_high_dist": -0.41
    }
  }
}