{
  "timestamp": "2026-03-20T21:55:04.124106+00:00",
  "SPY": {
    "signal": "RISK_OFF",
    "color": "red",
    "close": 648.5700073242188,
    "ema8": 663.2582183161422,
    "ema21": 672.6205507881342,
    "sma50": 683.8907971191406,
    "sma200": 658.3054483032226,
    "sma20": 675.6730010986328,
    "power_trend": {
      "3d_gt_20sma": false,
      "3d_gt_50sma": false,
      "3d_gt_200sma": false,
      "20sma_gt_50sma": false,
      "50sma_gt_200sma": true
    },
    "trend_status": {
      "9ema_dist": -2.43,
      "21ema_dist": -3.71,
      "50sma_dist": -5.45,
      "200sma_dist": -1.5,
      "52w_high_dist": -6.75
    }
  },
  "QQQ": {
    "signal": "RISK_OFF",
    "color": "red",
    "close": 582.0599975585938,
    "ema8": 595.1661124742209,
    "ema21": 601.4270297631172,
    "sma50": 610.9481994628907,
    "sma200": 592.0273864746093,
    "sma20": 602.9720001220703,
    "power_trend": {
      "3d_gt_20sma": false,
      "3d_gt_50sma": false,
      "3d_gt_200sma": false,
      "20sma_gt_50sma": false,
      "50sma_gt_200sma": true
    },
    "trend_status": {
      "9ema_dist": -2.38,
      "21ema_dist": -3.33,
      "50sma_dist": -4.96,
      "200sma_dist": -1.71,
      "52w_high_dist": -8.33
    }
  },
  "IWM": {
    "signal": "WARNING",
    "color": "orange",
    "close": 242.22000122070312,
    "ema8": 247.7475950271923,
    "ema21": 252.76409379833356,
    "sma50": 259.4894857788086,
    "sma200": 240.02645462036133,
    "sma20": 254.48150558471679,
    "power_trend": {
      "3d_gt_20sma": false,
      "3d_gt_50sma": false,
      "3d_gt_200sma": true,
      "20sma_gt_50sma": false,
      "50sma_gt_200sma": true
    },
    "trend_status": {
      "9ema_dist": -2.49,
      "21ema_dist": -4.35,
      "50sma_dist": -7.13,
      "200sma_dist": 0.91,
      "52w_high_dist": -10.06
    }
  },
  "RSP": {
    "signal": "WARNING",
    "color": "orange",
    "close": 190.47999572753906,
    "ema8": 194.19637857122606,
    "ema21": 197.17931878283392,
    "sma50": 199.4646011352539,
    "sma200": 189.37845924377442,
    "sma20": 198.73350143432617,
    "power_trend": {
      "3d_gt_20sma": false,
      "3d_gt_50sma": false,
      "3d_gt_200sma": true,
      "20sma_gt_50sma": false,
      "50sma_gt_200sma": true
    },
    "trend_status": {
      "9ema_dist": -2.13,
      "21ema_dist": -3.52,
      "50sma_dist": -4.72,
      "200sma_dist": 0.58,
      "52w_high_dist": -7.07
    }
  },
  "^GSPC": {
    "signal": "RISK_OFF",
    "color": "red",
    "close": 6506.47998046875,
    "ema8": 6645.271272590641,
    "ema21": 6740.341281858676,
    "sma50": 6857.763779296875,
    "sma200": 6621.733786621094,
    "sma20": 6770.569482421875,
    "power_trend": {
      "3d_gt_20sma": false,
      "3d_gt_50sma": false,
      "3d_gt_200sma": false,
      "20sma_gt_50sma": false,
      "50sma_gt_200sma": true
    },
    "trend_status": {
      "9ema_dist": -2.3,
      "21ema_dist": -3.59,
      "50sma_dist": -5.4,
      "200sma_dist": -1.77,
      "52w_high_dist": -6.77
    }
  }
}