{
  "timestamp": "2026-04-22T22:24:05.377506+00:00",
  "SPY": {
    "signal": "POWER_3",
    "color": "green",
    "close": 711.2100219726562,
    "ema8": 700.346413843638,
    "ema21": 684.7593947305571,
    "sma50": 675.2279748535157,
    "sma200": 664.5784381103516,
    "sma20": 674.9610015869141,
    "power_trend": {
      "3d_gt_20sma": true,
      "3d_gt_50sma": true,
      "3d_gt_200sma": true,
      "20sma_gt_50sma": false,
      "50sma_gt_200sma": true
    },
    "trend_status": {
      "9ema_dist": 1.77,
      "21ema_dist": 3.72,
      "50sma_dist": 5.06,
      "200sma_dist": 6.56,
      "52w_high_dist": 0.0
    }
  },
  "QQQ": {
    "signal": "POWER_3",
    "color": "green",
    "close": 655.1099853515625,
    "ema8": 638.6502894695842,
    "ema21": 619.1501361466084,
    "sma50": 604.1791955566406,
    "sma200": 599.0316583251953,
    "sma20": 607.616000366211,
    "power_trend": {
      "3d_gt_20sma": true,
      "3d_gt_50sma": true,
      "3d_gt_200sma": true,
      "20sma_gt_50sma": true,
      "50sma_gt_200sma": true
    },
    "trend_status": {
      "9ema_dist": 2.85,
      "21ema_dist": 5.49,
      "50sma_dist": 7.77,
      "200sma_dist": 8.56,
      "52w_high_dist": 0.0
    }
  },
  "IWM": {
    "signal": "POWER_3",
    "color": "green",
    "close": 276.4800109863281,
    "ema8": 271.625941121328,
    "ema21": 263.64104059514796,
    "sma50": 257.78067596435545,
    "sma200": 245.21743812561036,
    "sma20": 259.8535026550293,
    "power_trend": {
      "3d_gt_20sma": true,
      "3d_gt_50sma": true,
      "3d_gt_200sma": true,
      "20sma_gt_50sma": true,
      "50sma_gt_200sma": true
    },
    "trend_status": {
      "9ema_dist": 2.07,
      "21ema_dist": 4.64,
      "50sma_dist": 6.76,
      "200sma_dist": 11.31,
      "52w_high_dist": -0.31
    }
  },
  "RSP": {
    "signal": "POWER_3",
    "color": "green",
    "close": 202.4600067138672,
    "ema8": 201.14903687304636,
    "ema21": 198.32389369914097,
    "sma50": 197.73790679931642,
    "sma200": 190.64097579956055,
    "sma20": 196.4470016479492,
    "power_trend": {
      "3d_gt_20sma": true,
      "3d_gt_50sma": true,
      "3d_gt_200sma": true,
      "20sma_gt_50sma": false,
      "50sma_gt_200sma": true
    },
    "trend_status": {
      "9ema_dist": 0.81,
      "21ema_dist": 2.04,
      "50sma_dist": 2.33,
      "200sma_dist": 5.84,
      "52w_high_dist": -0.8
    }
  },
  "^GSPC": {
    "signal": "POWER_3",
    "color": "green",
    "close": 7137.89990234375,
    "ema8": 7027.523790397181,
    "ema21": 6872.516345388897,
    "sma50": 6781.4612109375,
    "sma200": 6696.664040527344,
    "sma20": 6773.808032226562,
    "power_trend": {
      "3d_gt_20sma": true,
      "3d_gt_50sma": true,
      "3d_gt_200sma": true,
      "20sma_gt_50sma": false,
      "50sma_gt_200sma": true
    },
    "trend_status": {
      "9ema_dist": 1.79,
      "21ema_dist": 3.72,
      "50sma_dist": 4.99,
      "200sma_dist": 6.18,
      "52w_high_dist": 0.0
    }
  }
}