{
  "timestamp": "2026-05-13T22:47:33.673829+00:00",
  "SPY": {
    "signal": "POWER_3",
    "color": "green",
    "close": 742.3099975585938,
    "ema8": 733.5497761704568,
    "ema21": 718.1881906618581,
    "sma50": 687.1827612304687,
    "sma200": 672.1936795043945,
    "sma20": 720.0275024414062,
    "power_trend": {
      "3d_gt_20sma": true,
      "3d_gt_50sma": true,
      "3d_gt_200sma": true,
      "20sma_gt_50sma": true,
      "50sma_gt_200sma": true
    },
    "trend_status": {
      "9ema_dist": 1.35,
      "21ema_dist": 3.25,
      "50sma_dist": 7.43,
      "200sma_dist": 9.45,
      "52w_high_dist": 0.0
    }
  },
  "QQQ": {
    "signal": "POWER_3",
    "color": "green",
    "close": 714.7100219726562,
    "ema8": 699.62712923819,
    "ema21": 673.3946614564645,
    "sma50": 627.07916015625,
    "sma200": 608.3467404174804,
    "sma20": 673.3879943847656,
    "power_trend": {
      "3d_gt_20sma": true,
      "3d_gt_50sma": true,
      "3d_gt_200sma": true,
      "20sma_gt_50sma": true,
      "50sma_gt_200sma": true
    },
    "trend_status": {
      "9ema_dist": 2.43,
      "21ema_dist": 5.78,
      "50sma_dist": 12.26,
      "200sma_dist": 14.88,
      "52w_high_dist": 0.0
    }
  },
  "IWM": {
    "signal": "POWER_3",
    "color": "green",
    "close": 282.6700134277344,
    "ema8": 282.2703649239498,
    "ema21": 276.92208207940706,
    "sma50": 262.88270904541014,
    "sma200": 249.61336471557618,
    "sma20": 278.5430023193359,
    "power_trend": {
      "3d_gt_20sma": true,
      "3d_gt_50sma": true,
      "3d_gt_200sma": true,
      "20sma_gt_50sma": true,
      "50sma_gt_200sma": true
    },
    "trend_status": {
      "9ema_dist": 0.26,
      "21ema_dist": 2.03,
      "50sma_dist": 7.0,
      "200sma_dist": 11.69,
      "52w_high_dist": -1.44
    }
  },
  "RSP": {
    "signal": "POWER_3",
    "color": "green",
    "close": 202.9199981689453,
    "ema8": 203.3501565249484,
    "ema21": 201.95000715807922,
    "sma50": 197.85764251708986,
    "sma200": 192.1485845184326,
    "sma20": 202.72000122070312,
    "power_trend": {
      "3d_gt_20sma": true,
      "3d_gt_50sma": true,
      "3d_gt_200sma": true,
      "20sma_gt_50sma": true,
      "50sma_gt_200sma": true
    },
    "trend_status": {
      "9ema_dist": -0.18,
      "21ema_dist": 0.48,
      "50sma_dist": 2.49,
      "200sma_dist": 5.31,
      "52w_high_dist": -0.94
    }
  },
  "^GSPC": {
    "signal": "POWER_3",
    "color": "green",
    "close": 7444.25,
    "ema8": 7356.8939128410275,
    "ema21": 7204.463665080694,
    "sma50": 6896.908623046875,
    "sma200": 6768.991040039063,
    "sma20": 7222.9419921875,
    "power_trend": {
      "3d_gt_20sma": true,
      "3d_gt_50sma": true,
      "3d_gt_200sma": true,
      "20sma_gt_50sma": true,
      "50sma_gt_200sma": true
    },
    "trend_status": {
      "9ema_dist": 1.34,
      "21ema_dist": 3.22,
      "50sma_dist": 7.35,
      "200sma_dist": 9.07,
      "52w_high_dist": 0.0
    }
  }
}