{
  "timestamp": "2026-04-07T22:07:12.496383+00:00",
  "SPY": {
    "signal": "RISK_OFF",
    "color": "red",
    "close": 659.219970703125,
    "ema8": 653.9603688756642,
    "ema21": 658.2729606860793,
    "sma50": 673.8394274902344,
    "sma200": 659.7220681762695,
    "sma20": 656.6509094238281,
    "power_trend": {
      "3d_gt_20sma": false,
      "3d_gt_50sma": false,
      "3d_gt_200sma": false,
      "20sma_gt_50sma": false,
      "50sma_gt_200sma": true
    },
    "trend_status": {
      "9ema_dist": 0.81,
      "21ema_dist": 0.14,
      "50sma_dist": -2.22,
      "200sma_dist": -0.08,
      "52w_high_dist": -4.96
    }
  },
  "QQQ": {
    "signal": "RISK_OFF",
    "color": "red",
    "close": 588.5900268554688,
    "ema8": 583.177675958833,
    "ema21": 587.5772299759602,
    "sma50": 601.2922644042969,
    "sma200": 594.1434927368164,
    "sma20": 587.567236328125,
    "power_trend": {
      "3d_gt_20sma": false,
      "3d_gt_50sma": false,
      "3d_gt_200sma": false,
      "20sma_gt_50sma": false,
      "50sma_gt_200sma": true
    },
    "trend_status": {
      "9ema_dist": 0.92,
      "21ema_dist": 0.17,
      "50sma_dist": -2.16,
      "200sma_dist": -0.94,
      "52w_high_dist": -7.18
    }
  },
  "IWM": {
    "signal": "WARNING",
    "color": "orange",
    "close": 252.91000366210938,
    "ema8": 249.76285399917256,
    "ema21": 250.25184801209156,
    "sma50": 256.22330352783206,
    "sma200": 242.1981293487549,
    "sma20": 248.25759887695312,
    "power_trend": {
      "3d_gt_20sma": true,
      "3d_gt_50sma": false,
      "3d_gt_200sma": true,
      "20sma_gt_50sma": false,
      "50sma_gt_200sma": true
    },
    "trend_status": {
      "9ema_dist": 1.31,
      "21ema_dist": 1.05,
      "50sma_dist": -1.31,
      "200sma_dist": 4.24,
      "52w_high_dist": -6.09
    }
  },
  "RSP": {
    "signal": "WARNING",
    "color": "orange",
    "close": 193.49000549316406,
    "ema8": 192.5056160799867,
    "ema21": 193.50433377023364,
    "sma50": 197.3644320678711,
    "sma200": 189.47056381225585,
    "sma20": 192.53468399047853,
    "power_trend": {
      "3d_gt_20sma": true,
      "3d_gt_50sma": false,
      "3d_gt_200sma": true,
      "20sma_gt_50sma": false,
      "50sma_gt_200sma": true
    },
    "trend_status": {
      "9ema_dist": 0.52,
      "21ema_dist": -0.01,
      "50sma_dist": -2.0,
      "200sma_dist": 2.08,
      "52w_high_dist": -5.2
    }
  },
  "^GSPC": {
    "signal": "RISK_OFF",
    "color": "red",
    "close": 6616.85009765625,
    "ema8": 6564.046844572784,
    "ema21": 6609.52359620684,
    "sma50": 6771.622587890625,
    "sma200": 6650.923188476562,
    "sma20": 6592.472021484375,
    "power_trend": {
      "3d_gt_20sma": false,
      "3d_gt_50sma": false,
      "3d_gt_200sma": false,
      "20sma_gt_50sma": false,
      "50sma_gt_200sma": true
    },
    "trend_status": {
      "9ema_dist": 0.81,
      "21ema_dist": 0.11,
      "50sma_dist": -2.34,
      "200sma_dist": -0.51,
      "52w_high_dist": -5.18
    }
  }
}