{
  "timestamp": "2026-03-19T21:57:25.086580+00:00",
  "SPY": {
    "signal": "WARNING",
    "color": "orange",
    "close": 659.7999877929688,
    "ema8": 667.4548500281204,
    "ema21": 675.0256051341364,
    "sma50": 684.7109973144532,
    "sma200": 658.0173184204101,
    "sma20": 677.7160003662109,
    "power_trend": {
      "3d_gt_20sma": false,
      "3d_gt_50sma": false,
      "3d_gt_200sma": true,
      "20sma_gt_50sma": false,
      "50sma_gt_200sma": true
    },
    "trend_status": {
      "9ema_dist": -1.28,
      "21ema_dist": -2.31,
      "50sma_dist": -3.78,
      "200sma_dist": 0.27,
      "52w_high_dist": -5.13
    }
  },
  "QQQ": {
    "signal": "WARNING",
    "color": "orange",
    "close": 593.02001953125,
    "ema8": 598.9107167358285,
    "ema21": 603.3637329831405,
    "sma50": 611.7873999023437,
    "sma200": 591.7441940307617,
    "sma20": 604.3095001220703,
    "power_trend": {
      "3d_gt_20sma": false,
      "3d_gt_50sma": false,
      "3d_gt_200sma": true,
      "20sma_gt_50sma": false,
      "50sma_gt_200sma": true
    },
    "trend_status": {
      "9ema_dist": -1.07,
      "21ema_dist": -1.74,
      "50sma_dist": -3.16,
      "200sma_dist": 0.22,
      "52w_high_dist": -6.6
    }
  },
  "IWM": {
    "signal": "WARNING",
    "color": "orange",
    "close": 247.6300048828125,
    "ema8": 249.326907543332,
    "ema21": 253.81850305594668,
    "sma50": 259.74561279296876,
    "sma200": 239.84936157226562,
    "sma20": 255.57751235961913,
    "power_trend": {
      "3d_gt_20sma": false,
      "3d_gt_50sma": false,
      "3d_gt_200sma": true,
      "20sma_gt_50sma": false,
      "50sma_gt_200sma": true
    },
    "trend_status": {
      "9ema_dist": -0.86,
      "21ema_dist": -2.5,
      "50sma_dist": -4.89,
      "200sma_dist": 3.14,
      "52w_high_dist": -8.05
    }
  },
  "RSP": {
    "signal": "WARNING",
    "color": "orange",
    "close": 193.32000732421875,
    "ema8": 195.2582022408509,
    "ema21": 197.8492510882959,
    "sma50": 199.5508010864258,
    "sma200": 189.30530311584474,
    "sma20": 199.41400146484375,
    "power_trend": {
      "3d_gt_20sma": false,
      "3d_gt_50sma": false,
      "3d_gt_200sma": true,
      "20sma_gt_50sma": false,
      "50sma_gt_200sma": true
    },
    "trend_status": {
      "9ema_dist": -1.15,
      "21ema_dist": -2.34,
      "50sma_dist": -3.22,
      "200sma_dist": 2.08,
      "52w_high_dist": -5.68
    }
  },
  "^GSPC": {
    "signal": "RISK_OFF",
    "color": "red",
    "close": 6606.490234375,
    "ema8": 6684.925927482609,
    "ema21": 6763.7274119942285,
    "sma50": 6866.052783203125,
    "sma200": 6619.053237304687,
    "sma20": 6790.720971679688,
    "power_trend": {
      "3d_gt_20sma": false,
      "3d_gt_50sma": false,
      "3d_gt_200sma": false,
      "20sma_gt_50sma": false,
      "50sma_gt_200sma": true
    },
    "trend_status": {
      "9ema_dist": -1.31,
      "21ema_dist": -2.38,
      "50sma_dist": -3.93,
      "200sma_dist": -0.19,
      "52w_high_dist": -5.33
    }
  }
}