{
  "timestamp": "2026-03-26T21:54:55.560558+00:00",
  "SPY": {
    "signal": "RISK_OFF",
    "color": "red",
    "close": 645.0900268554688,
    "ema8": 655.4121039319434,
    "ema21": 665.0322434340177,
    "sma50": 678.973720703125,
    "sma200": 657.7700015258789,
    "sma20": 667.2098693847656,
    "power_trend": {
      "3d_gt_20sma": false,
      "3d_gt_50sma": false,
      "3d_gt_200sma": false,
      "20sma_gt_50sma": false,
      "50sma_gt_200sma": true
    },
    "trend_status": {
      "9ema_dist": -1.74,
      "21ema_dist": -3.09,
      "50sma_dist": -5.25,
      "200sma_dist": -1.97,
      "52w_high_dist": -6.99
    }
  },
  "QQQ": {
    "signal": "RISK_OFF",
    "color": "red",
    "close": 573.7899780273438,
    "ema8": 586.8931344449893,
    "ema21": 595.5621163706486,
    "sma50": 607.6093994140625,
    "sma200": 593.1620947265625,
    "sma20": 597.8915008544922,
    "power_trend": {
      "3d_gt_20sma": false,
      "3d_gt_50sma": false,
      "3d_gt_200sma": false,
      "20sma_gt_50sma": false,
      "50sma_gt_200sma": true
    },
    "trend_status": {
      "9ema_dist": -2.45,
      "21ema_dist": -3.79,
      "50sma_dist": -5.89,
      "200sma_dist": -3.38,
      "52w_high_dist": -9.63
    }
  },
  "IWM": {
    "signal": "WARNING",
    "color": "orange",
    "close": 247.44000244140625,
    "ema8": 248.4907856051452,
    "ema21": 251.53977089757234,
    "sma50": 258.6092687988281,
    "sma200": 240.83765174865724,
    "sma20": 251.63012237548827,
    "power_trend": {
      "3d_gt_20sma": false,
      "3d_gt_50sma": false,
      "3d_gt_200sma": true,
      "20sma_gt_50sma": false,
      "50sma_gt_200sma": true
    },
    "trend_status": {
      "9ema_dist": -0.49,
      "21ema_dist": -1.66,
      "50sma_dist": -4.51,
      "200sma_dist": 2.67,
      "52w_high_dist": -8.12
    }
  },
  "RSP": {
    "signal": "WARNING",
    "color": "orange",
    "close": 191.0800018310547,
    "ema8": 192.40011914436113,
    "ema21": 194.92285902790042,
    "sma50": 198.24002044677735,
    "sma200": 188.90662757873534,
    "sma20": 195.75573654174804,
    "power_trend": {
      "3d_gt_20sma": false,
      "3d_gt_50sma": false,
      "3d_gt_200sma": true,
      "20sma_gt_50sma": false,
      "50sma_gt_200sma": true
    },
    "trend_status": {
      "9ema_dist": -0.8,
      "21ema_dist": -2.01,
      "50sma_dist": -3.75,
      "200sma_dist": 1.14,
      "52w_high_dist": -6.38
    }
  },
  "^GSPC": {
    "signal": "RISK_OFF",
    "color": "red",
    "close": 6477.16015625,
    "ema8": 6580.017492138368,
    "ema21": 6679.4425925450505,
    "sma50": 6825.3173828125,
    "sma200": 6633.184189453125,
    "sma20": 6701.750512695313,
    "power_trend": {
      "3d_gt_20sma": false,
      "3d_gt_50sma": false,
      "3d_gt_200sma": false,
      "20sma_gt_50sma": false,
      "50sma_gt_200sma": true
    },
    "trend_status": {
      "9ema_dist": -1.73,
      "21ema_dist": -3.12,
      "50sma_dist": -5.38,
      "200sma_dist": -2.41,
      "52w_high_dist": -7.19
    }
  }
}