{
  "timestamp": "2026-03-23T21:59:11.740908+00:00",
  "SPY": {
    "signal": "RISK_OFF",
    "color": "red",
    "close": 655.3800048828125,
    "ema8": 660.4078111099782,
    "ema21": 669.5338226867713,
    "sma50": 681.4184558105469,
    "sma200": 656.8523590087891,
    "sma20": 672.6635040283203,
    "power_trend": {
      "3d_gt_20sma": false,
      "3d_gt_50sma": false,
      "3d_gt_200sma": false,
      "20sma_gt_50sma": false,
      "50sma_gt_200sma": true
    },
    "trend_status": {
      "9ema_dist": -0.91,
      "21ema_dist": -2.16,
      "50sma_dist": -3.97,
      "200sma_dist": -0.22,
      "52w_high_dist": -5.51
    }
  },
  "QQQ": {
    "signal": "RISK_OFF",
    "color": "red",
    "close": 588.0,
    "ema8": 593.5736430355053,
    "ema21": 600.206390694149,
    "sma50": 610.2988000488281,
    "sma200": 592.3329547119141,
    "sma20": 602.3015014648438,
    "power_trend": {
      "3d_gt_20sma": false,
      "3d_gt_50sma": false,
      "3d_gt_200sma": false,
      "20sma_gt_50sma": false,
      "50sma_gt_200sma": true
    },
    "trend_status": {
      "9ema_dist": -1.08,
      "21ema_dist": -2.08,
      "50sma_dist": -3.79,
      "200sma_dist": -0.74,
      "52w_high_dist": -7.39
    }
  },
  "IWM": {
    "signal": "WARNING",
    "color": "orange",
    "close": 247.4499969482422,
    "ema8": 247.68146212075894,
    "ema21": 252.28099408486756,
    "sma50": 259.2822583007812,
    "sma200": 240.23261611938477,
    "sma20": 253.85263366699218,
    "power_trend": {
      "3d_gt_20sma": false,
      "3d_gt_50sma": false,
      "3d_gt_200sma": true,
      "20sma_gt_50sma": false,
      "50sma_gt_200sma": true
    },
    "trend_status": {
      "9ema_dist": -0.26,
      "21ema_dist": -1.95,
      "50sma_dist": -4.78,
      "200sma_dist": 2.92,
      "52w_high_dist": -8.12
    }
  },
  "RSP": {
    "signal": "WARNING",
    "color": "orange",
    "close": 191.69000244140625,
    "ema8": 193.63940609793278,
    "ema21": 196.68029002459946,
    "sma50": 199.3692010498047,
    "sma200": 189.45964134216308,
    "sma20": 198.2255012512207,
    "power_trend": {
      "3d_gt_20sma": false,
      "3d_gt_50sma": false,
      "3d_gt_200sma": true,
      "20sma_gt_50sma": false,
      "50sma_gt_200sma": true
    },
    "trend_status": {
      "9ema_dist": -1.19,
      "21ema_dist": -2.6,
      "50sma_dist": -4.01,
      "200sma_dist": 1.16,
      "52w_high_dist": -6.48
    }
  },
  "^GSPC": {
    "signal": "RISK_OFF",
    "color": "red",
    "close": 6581.0,
    "ema8": 6630.9887675704995,
    "ema21": 6725.855710784002,
    "sma50": 6850.954580078125,
    "sma200": 6624.784736328125,
    "sma20": 6757.731982421875,
    "power_trend": {
      "3d_gt_20sma": false,
      "3d_gt_50sma": false,
      "3d_gt_200sma": false,
      "20sma_gt_50sma": false,
      "50sma_gt_200sma": true
    },
    "trend_status": {
      "9ema_dist": -0.91,
      "21ema_dist": -2.2,
      "50sma_dist": -4.1,
      "200sma_dist": -0.67,
      "52w_high_dist": -5.7
    }
  }
}