{
  "timestamp": "2026-05-04T22:34:10.967008+00:00",
  "SPY": {
    "signal": "POWER_3",
    "color": "green",
    "close": 718.010009765625,
    "ema8": 714.2562723836159,
    "ema21": 701.1186195322542,
    "sma50": 680.0870324707031,
    "sma200": 668.4139184570313,
    "sma20": 701.4529998779296,
    "power_trend": {
      "3d_gt_20sma": true,
      "3d_gt_50sma": true,
      "3d_gt_200sma": true,
      "20sma_gt_50sma": true,
      "50sma_gt_200sma": true
    },
    "trend_status": {
      "9ema_dist": 0.66,
      "21ema_dist": 2.35,
      "50sma_dist": 5.28,
      "200sma_dist": 6.91,
      "52w_high_dist": -0.37
    }
  },
  "QQQ": {
    "signal": "POWER_3",
    "color": "green",
    "close": 672.8800048828125,
    "ema8": 663.5842994571484,
    "ema21": 643.8578069675195,
    "sma50": 613.639462890625,
    "sma200": 603.4297763061523,
    "sma20": 642.4149993896484,
    "power_trend": {
      "3d_gt_20sma": true,
      "3d_gt_50sma": true,
      "3d_gt_200sma": true,
      "20sma_gt_50sma": true,
      "50sma_gt_200sma": true
    },
    "trend_status": {
      "9ema_dist": 1.62,
      "21ema_dist": 4.31,
      "50sma_dist": 8.8,
      "200sma_dist": 10.32,
      "52w_high_dist": -0.19
    }
  },
  "IWM": {
    "signal": "POWER_3",
    "color": "green",
    "close": 277.8800048828125,
    "ema8": 276.1696361095489,
    "ema21": 270.50224558112205,
    "sma50": 259.86720306396484,
    "sma200": 247.44831398010254,
    "sma20": 271.2160018920898,
    "power_trend": {
      "3d_gt_20sma": true,
      "3d_gt_50sma": true,
      "3d_gt_200sma": true,
      "20sma_gt_50sma": true,
      "50sma_gt_200sma": true
    },
    "trend_status": {
      "9ema_dist": 0.75,
      "21ema_dist": 2.66,
      "50sma_dist": 6.48,
      "200sma_dist": 10.95,
      "52w_high_dist": -0.5
    }
  },
  "RSP": {
    "signal": "POWER_3",
    "color": "green",
    "close": 201.63999938964844,
    "ema8": 201.87967457263116,
    "ema21": 200.253384963864,
    "sma50": 197.7123272705078,
    "sma200": 191.44606101989746,
    "sma20": 200.61750106811525,
    "power_trend": {
      "3d_gt_20sma": true,
      "3d_gt_50sma": true,
      "3d_gt_200sma": true,
      "20sma_gt_50sma": true,
      "50sma_gt_200sma": true
    },
    "trend_status": {
      "9ema_dist": -0.07,
      "21ema_dist": 0.69,
      "50sma_dist": 1.95,
      "200sma_dist": 5.06,
      "52w_high_dist": -1.2
    }
  },
  "^GSPC": {
    "signal": "POWER_3",
    "color": "green",
    "close": 7200.75,
    "ema8": 7164.93908506507,
    "ema21": 7034.7482245612955,
    "sma50": 6827.73880859375,
    "sma200": 6732.962292480469,
    "sma20": 7037.909521484375,
    "power_trend": {
      "3d_gt_20sma": true,
      "3d_gt_50sma": true,
      "3d_gt_200sma": true,
      "20sma_gt_50sma": true,
      "50sma_gt_200sma": true
    },
    "trend_status": {
      "9ema_dist": 0.63,
      "21ema_dist": 2.31,
      "50sma_dist": 5.18,
      "200sma_dist": 6.5,
      "52w_high_dist": -0.41
    }
  }
}