{
  "timestamp": "2026-05-11T22:34:09.671860+00:00",
  "SPY": {
    "signal": "POWER_3",
    "color": "green",
    "close": 739.2999877929688,
    "ema8": 729.0088166590076,
    "ema21": 713.5356117004378,
    "sma50": 684.8327160644532,
    "sma200": 671.1078509521484,
    "sma20": 715.7230041503906,
    "power_trend": {
      "3d_gt_20sma": true,
      "3d_gt_50sma": true,
      "3d_gt_200sma": true,
      "20sma_gt_50sma": true,
      "50sma_gt_200sma": true
    },
    "trend_status": {
      "9ema_dist": 1.57,
      "21ema_dist": 3.48,
      "50sma_dist": 7.37,
      "200sma_dist": 9.22,
      "52w_high_dist": 0.0
    }
  },
  "QQQ": {
    "signal": "POWER_3",
    "color": "green",
    "close": 713.2899780273438,
    "ema8": 691.9113716225371,
    "ema21": 665.465438920165,
    "sma50": 622.8030932617188,
    "sma200": 606.8885552978516,
    "sma20": 665.5904937744141,
    "power_trend": {
      "3d_gt_20sma": true,
      "3d_gt_50sma": true,
      "3d_gt_200sma": true,
      "20sma_gt_50sma": true,
      "50sma_gt_200sma": true
    },
    "trend_status": {
      "9ema_dist": 3.35,
      "21ema_dist": 6.7,
      "50sma_dist": 12.69,
      "200sma_dist": 14.92,
      "52w_high_dist": 0.0
    }
  },
  "IWM": {
    "signal": "POWER_3",
    "color": "green",
    "close": 285.3299865722656,
    "ema8": 282.0379431551356,
    "ema21": 275.72501710595407,
    "sma50": 262.02033294677733,
    "sma200": 249.0118906402588,
    "sma20": 277.18650207519534,
    "power_trend": {
      "3d_gt_20sma": true,
      "3d_gt_50sma": true,
      "3d_gt_200sma": true,
      "20sma_gt_50sma": true,
      "50sma_gt_200sma": true
    },
    "trend_status": {
      "9ema_dist": 1.33,
      "21ema_dist": 3.37,
      "50sma_dist": 8.17,
      "200sma_dist": 12.73,
      "52w_high_dist": -0.51
    }
  },
  "RSP": {
    "signal": "POWER_3",
    "color": "green",
    "close": 203.99000549316406,
    "ema8": 203.3767907277447,
    "ema21": 201.65730910686395,
    "sma50": 197.82177062988282,
    "sma200": 191.9632780456543,
    "sma20": 202.3530014038086,
    "power_trend": {
      "3d_gt_20sma": true,
      "3d_gt_50sma": true,
      "3d_gt_200sma": true,
      "20sma_gt_50sma": true,
      "50sma_gt_200sma": true
    },
    "trend_status": {
      "9ema_dist": 0.36,
      "21ema_dist": 1.14,
      "50sma_dist": 3.02,
      "200sma_dist": 5.9,
      "52w_high_dist": -0.42
    }
  },
  "^GSPC": {
    "signal": "POWER_3",
    "color": "green",
    "close": 7412.83984375,
    "ema8": 7312.213622183635,
    "ema21": 7158.437538640554,
    "sma50": 6873.969423828125,
    "sma200": 6758.657041015625,
    "sma20": 7180.197998046875,
    "power_trend": {
      "3d_gt_20sma": true,
      "3d_gt_50sma": true,
      "3d_gt_200sma": true,
      "20sma_gt_50sma": true,
      "50sma_gt_200sma": true
    },
    "trend_status": {
      "9ema_dist": 1.53,
      "21ema_dist": 3.43,
      "50sma_dist": 7.27,
      "200sma_dist": 8.82,
      "52w_high_dist": 0.0
    }
  }
}